corridor,case,multiplier,trains,status,elapsed_s,violations,delay_s,energy_kwh,peak_load,diagnostics
astana1_ereymentau,single_track_operation,1,10,not_applicable,,,,,,This incident needs at least two main tracks
astana1_ereymentau,ten_incidents,1,10,not_applicable,,,,,,Scenario has fewer than ten future resources
astana1_ereymentau,daily_load,1,10,validated,0.917,[],2152,28932.978742811647,0.30391203703703706,[]
astana1_ereymentau,main_track_closure,1,10,validated,1.546,[],3352,28954.39124281165,0.30391203703703706,[]
astana1_ereymentau,signal_failure,1,10,validated,1.697,[],3352,28954.39124281165,0.30391203703703706,[]
astana1_ereymentau,station_track_closure,1,10,validated,0.379,[],2152,28936.62874281165,0.30391203703703706,[]
astana1_ereymentau,train_delay,1,10,validated,1.561,[],3352,28954.39124281165,0.30391203703703706,[]
astana1_ereymentau,speed_restriction,1,10,validated,0.291,[],8671,26540.952348274277,0.4532175925925926,[]
astana1_ereymentau,railsim_rail_defect,1,10,validated,0.751,[],5092,28974.107909478316,0.30391203703703706,[]
astana1_ereymentau,railsim_theft,1,10,validated,1.964,[],4459,28970.72457614498,0.30391203703703706,[]
astana1_ereymentau,railsim_flood,1,10,validated,0.617,[],9125,29016.08846503387,0.30391203703703706,[]
astana1_ereymentau,railsim_snow,1,10,validated,1.047,[],2762,28815.771254855183,0.31354166666666666,[]
astana1_ereymentau,railsim_sand,1,10,validated,0.811,[],2328,28839.64385983089,0.3085185185185185,[]
astana1_ereymentau,railsim_heat,1,10,validated,0.562,[],2528,28827.115167489756,0.31083333333333335,[]
astana1_ereymentau,railsim_loco_failure,1,10,validated,1.028,[],5152,28975.27457614498,0.34120370370370373,[]
astana1_ereymentau,railsim_wagon_defect,1,10,validated,0.633,[],3352,28954.39124281165,0.30391203703703706,[]
astana1_ereymentau,railsim_crossing,1,10,validated,1.17,[],5092,28974.107909478316,0.30391203703703706,[]
astana1_ereymentau,railsim_people,1,10,validated,3.946,[],3292,28953.545409478316,0.30391203703703706,[]
astana1_ereymentau,railsim_maintenance,1,10,validated,0.443,[],3292,28953.545409478316,0.30391203703703706,[]
astana1_ereymentau,railsim_derailment,1,10,validated,0.842,[],23698,29158.21624281165,0.46620370370370373,[]
astana1_ereymentau,daily_load,2,20,validated,5.453,[],49900,58100.96304117882,0.5828819444444444,[]
astana1_ereymentau,daily_load,3,30,validated,5.741,[],177218,87657.5278951016,0.8603935185185185,[]
atbasar_esil,single_track_operation,1,10,not_applicable,,,,,,This incident needs at least two main tracks
atbasar_esil,ten_incidents,1,10,not_applicable,,,,,,Scenario has fewer than ten future resources
atbasar_esil,daily_load,1,10,validated,5.238,[],4776,31737.945308667247,0.2099537037037037,[]
atbasar_esil,main_track_closure,1,10,validated,3.116,[],5976,31765.350864222804,0.2099537037037037,[]
atbasar_esil,signal_failure,1,10,validated,2.63,[],5976,31765.350864222804,0.2099537037037037,[]
atbasar_esil,station_track_closure,1,10,validated,4.569,[],4776,31742.09530866725,0.2099537037037037,[]
atbasar_esil,train_delay,1,10,validated,5.241,[],5976,31765.350864222804,0.2099537037037037,[]
atbasar_esil,speed_restriction,1,10,validated,3.094,[],7274,30096.448461596272,0.29488425925925926,[]
atbasar_esil,railsim_rail_defect,1,10,validated,5.28,[],8012,31779.389753111693,0.2099537037037037,[]
atbasar_esil,railsim_theft,1,10,validated,5.891,[],8012,31779.389753111693,0.2099537037037037,[]
atbasar_esil,railsim_flood,1,10,validated,5.306,[],12222,31820.320308667247,0.2099537037037037,[]
atbasar_esil,railsim_snow,1,10,validated,5.289,[],4930,31658.077443515518,0.2099537037037037,[]
atbasar_esil,railsim_sand,1,10,validated,5.279,[],4776,31674.78404506762,0.2099537037037037,[]
atbasar_esil,railsim_heat,1,10,validated,5.271,[],4784,31666.01839058799,0.2099537037037037,[]
atbasar_esil,railsim_loco_failure,1,10,validated,5.244,[],8012,31779.389753111693,0.24092592592592593,[]
atbasar_esil,railsim_wagon_defect,1,10,validated,5.271,[],5976,31765.350864222804,0.2099537037037037,[]
atbasar_esil,railsim_crossing,1,10,validated,5.259,[],8012,31779.389753111693,0.2099537037037037,[]
atbasar_esil,railsim_people,1,10,validated,5.29,[],5916,31764.184197556133,0.2099537037037037,[]
atbasar_esil,railsim_maintenance,1,10,validated,5.283,[],5916,31764.184197556133,0.2099537037037037,[]
atbasar_esil,railsim_derailment,1,10,validated,5.279,[],24470,31945.23141977836,0.36592592592592593,[]
atbasar_esil,daily_load,2,20,validated,5.531,[],42103,63645.2753395567,0.4199074074074074,[]
atbasar_esil,daily_load,3,30,validated,5.847,[],136881,95841.20398155726,0.6076388888888888,[]
astana_burabay,single_track_operation,1,12,not_applicable,,,,,,This incident needs at least two main tracks
astana_burabay,daily_load,1,12,validated,0.76,[],2884,52186.212168120735,0.33458333333333334,[]
astana_burabay,main_track_closure,1,12,validated,4.449,[],3920,52217.644112565176,0.32979166666666665,[]
astana_burabay,signal_failure,1,12,validated,4.4,[],3920,52217.644112565176,0.32979166666666665,[]
astana_burabay,station_track_closure,1,12,validated,2.07,[],2884,52201.73855700962,0.32979166666666665,[]
astana_burabay,train_delay,1,12,validated,1.084,[],3920,52217.644112565176,0.32979166666666665,[]
astana_burabay,speed_restriction,1,12,validated,5.497,[],20311,49877.06176660261,0.42984953703703704,[]
astana_burabay,ten_incidents,1,12,no_valid_plan_hold,0.026,,,,,['No feasible plan returned; never apply an unverified plan']
astana_burabay,railsim_rail_defect,1,12,validated,1.059,[],5458,52232.59689034296,0.32979166666666665,[]
astana_burabay,railsim_theft,1,12,validated,4.516,[],5445,52230.709390342956,0.32979166666666665,[]
astana_burabay,railsim_flood,1,12,validated,2.129,[],9391,52269.073279231845,0.32979166666666665,[]
astana_burabay,railsim_snow,1,12,validated,1.155,[],3201,52092.18162953112,0.32979166666666665,[]
astana_burabay,railsim_sand,1,12,validated,5.49,[],3201,52107.66434619291,0.32979166666666665,[]
astana_burabay,railsim_heat,1,12,validated,1.293,[],3201,52104.150603213864,0.32979166666666665,[]
astana_burabay,railsim_loco_failure,1,12,validated,2.276,[],5518,52233.18022367629,0.32979166666666665,[]
astana_burabay,railsim_wagon_defect,1,12,validated,5.496,[],3920,52217.644112565176,0.32979166666666665,[]
astana_burabay,railsim_crossing,1,12,validated,1.371,[],5458,52232.59689034296,0.32979166666666665,[]
astana_burabay,railsim_people,1,12,validated,1.412,[],3800,52216.47744589852,0.32979166666666665,[]
astana_burabay,railsim_maintenance,1,12,validated,1.417,[],3800,52216.47744589852,0.32979166666666665,[]
astana_burabay,railsim_derailment,1,12,validated,5.495,[],23225,52402.17605700962,0.44090277777777775,[]
astana_burabay,daily_load,2,24,validated,5.989,[],79196,104806.17711401927,0.6282060185185185,[]
astana_burabay,daily_load,3,36,validated,6.518,[],2196864,166683.89900436212,0.3797916666666667,['No feasible plan returned; never apply an unverified plan']
kokshetau_burabay,single_track_operation,1,12,not_applicable,,,,,,This incident needs at least two main tracks
kokshetau_burabay,ten_incidents,1,12,not_applicable,,,,,,Scenario has fewer than ten future resources
kokshetau_burabay,daily_load,1,12,validated,0.155,[],0,16939.316000367126,0.1852777777777778,[]
kokshetau_burabay,main_track_closure,1,12,validated,0.185,[],1200,16956.816000367126,0.1852777777777778,[]
kokshetau_burabay,signal_failure,1,12,validated,0.202,[],1200,16956.816000367126,0.1852777777777778,[]
kokshetau_burabay,station_track_closure,1,12,validated,0.156,[],0,16939.316000367126,0.1852777777777778,[]
kokshetau_burabay,train_delay,1,12,validated,0.192,[],1200,16956.816000367126,0.1852777777777778,[]
kokshetau_burabay,speed_restriction,1,12,validated,0.197,[],0,15814.860941618324,0.19143518518518518,[]
kokshetau_burabay,railsim_rail_defect,1,12,validated,0.166,[],2940,16973.73266703379,0.1852777777777778,[]
kokshetau_burabay,railsim_theft,1,12,validated,0.186,[],2040,16964.98266703379,0.1852777777777778,[]
kokshetau_burabay,railsim_flood,1,12,validated,0.199,[],9539,17043.72294481157,0.1852777777777778,[]
kokshetau_burabay,railsim_snow,1,12,validated,0.182,[],0,16833.446117839947,0.1852777777777778,[]
kokshetau_burabay,railsim_sand,1,12,validated,0.212,[],0,16897.09226594589,0.1852777777777778,[]
kokshetau_burabay,railsim_heat,1,12,validated,0.208,[],0,16843.608428045165,0.1852777777777778,[]
kokshetau_burabay,railsim_loco_failure,1,12,validated,0.168,[],3000,16974.889611478236,0.1852777777777778,[]
kokshetau_burabay,railsim_wagon_defect,1,12,validated,0.194,[],1200,16956.816000367126,0.1852777777777778,[]
kokshetau_burabay,railsim_crossing,1,12,validated,0.199,[],2940,16973.73266703379,0.1852777777777778,[]
kokshetau_burabay,railsim_people,1,12,validated,0.172,[],1140,16956.23266703379,0.1852777777777778,[]
kokshetau_burabay,railsim_maintenance,1,12,validated,0.194,[],1140,16956.23266703379,0.1852777777777778,[]
kokshetau_burabay,railsim_derailment,1,12,validated,0.23,[],24967,17199.550722589345,0.2986111111111111,[]
kokshetau_burabay,daily_load,2,24,validated,5.294,[],5208,33947.398667400914,0.3705555555555556,[]
kokshetau_burabay,daily_load,3,36,validated,5.478,[],53042,51162.723001101345,0.5422222222222223,[]
kokshetau,daily_load,1,14,validated,0.783,[],0,71659.5782705946,0.20146990740740742,[]
kokshetau,main_track_closure,1,14,validated,0.838,[],1200,71677.0782705946,0.20146990740740742,[]
kokshetau,signal_failure,1,14,validated,0.769,[],1200,71677.0782705946,0.20146990740740742,[]
kokshetau,station_track_closure,1,14,validated,0.832,[],0,71659.5782705946,0.20146990740740742,[]
kokshetau,train_delay,1,14,validated,0.861,[],1200,71677.0782705946,0.20146990740740742,[]
kokshetau,speed_restriction,1,14,validated,0.787,[],1158,70098.16777767353,0.20146990740740742,[]
kokshetau,single_track_operation,1,14,validated,0.826,[],0,71659.5782705946,0.20146990740740742,[]
kokshetau,ten_incidents,1,14,validated,0.78,[],600,71677.0782705946,0.20146990740740742,[]
kokshetau,railsim_rail_defect,1,14,validated,0.821,[],2940,71693.99493726128,0.20146990740740742,[]
kokshetau,railsim_theft,1,14,validated,0.783,[],2040,71685.24493726128,0.20146990740740742,[]
kokshetau,railsim_flood,1,14,validated,0.822,[],6540,71728.99493726128,0.20146990740740742,[]
kokshetau,railsim_snow,1,14,validated,0.866,[],0,71594.0028541108,0.20146990740740742,[]
kokshetau,railsim_sand,1,14,validated,0.815,[],0,71607.16384240815,0.20146990740740742,[]
kokshetau,railsim_heat,1,14,validated,0.861,[],0,71600.30756529848,0.20146990740740742,[]
kokshetau,railsim_loco_failure,1,14,validated,0.785,[],3000,71694.5782705946,0.20146990740740742,[]
kokshetau,railsim_wagon_defect,1,14,validated,0.848,[],1200,71677.0782705946,0.20146990740740742,[]
kokshetau,railsim_crossing,1,14,validated,0.844,[],2940,71693.99493726128,0.20146990740740742,[]
kokshetau,railsim_people,1,14,validated,0.79,[],1140,71676.49493726128,0.20146990740740742,[]
kokshetau,railsim_maintenance,1,14,validated,0.77,[],1140,71676.49493726128,0.20146990740740742,[]
kokshetau,railsim_derailment,1,14,validated,0.883,[],17546,71847.81993726127,0.2641435185185185,[]
kokshetau,daily_load,2,28,validated,6.439,[],22217,143505.71070785582,0.3938888888888889,[]
kokshetau,daily_load,3,42,validated,7.394,[],75045,215538.33897845054,0.5629513888888888,[]
astana_atbasar,single_track_operation,1,12,not_applicable,,,,,,This incident needs at least two main tracks
astana_atbasar,ten_incidents,1,12,not_applicable,,,,,,Scenario has fewer than ten future resources
astana_atbasar,daily_load,1,12,validated,2.174,[],4032,50320.12009866014,0.4184259259259259,[]
astana_atbasar,main_track_closure,1,12,validated,5.455,[],5233,50359.71315421569,0.4184259259259259,[]
astana_atbasar,signal_failure,1,12,validated,5.45,[],5232,50359.752043104585,0.4184259259259259,[]
astana_atbasar,station_track_closure,1,12,validated,3.662,[],4032,50342.93259866014,0.4184259259259259,[]
astana_atbasar,train_delay,1,12,validated,5.479,[],5232,50359.752043104585,0.4184259259259259,[]
astana_atbasar,speed_restriction,1,12,validated,5.457,[],33847,46908.38516600367,0.6677546296296296,[]
astana_atbasar,railsim_rail_defect,1,12,validated,5.407,[],6972,50376.66870977125,0.4184259259259259,[]
astana_atbasar,railsim_theft,1,12,validated,5.445,[],6956,50376.513154215696,0.4184259259259259,[]
astana_atbasar,railsim_flood,1,12,validated,5.442,[],10732,50413.224265326804,0.4184259259259259,[]
astana_atbasar,railsim_snow,1,12,validated,5.445,[],5090,50185.22993117514,0.4376157407407407,[]
astana_atbasar,railsim_sand,1,12,validated,5.495,[],5024,50221.26512201086,0.43074074074074076,[]
astana_atbasar,railsim_heat,1,12,validated,3.844,[],5024,50202.36054125199,0.433912037037037,[]
astana_atbasar,railsim_loco_failure,1,12,validated,5.468,[],7032,50377.252043104585,0.4600925925925926,[]
astana_atbasar,railsim_wagon_defect,1,12,validated,3.904,[],5232,50359.752043104585,0.4184259259259259,[]
astana_atbasar,railsim_crossing,1,12,validated,5.45,[],6972,50376.66870977125,0.4184259259259259,[]
astana_atbasar,railsim_people,1,12,validated,5.413,[],5172,50359.16870977125,0.4184259259259259,[]
astana_atbasar,railsim_maintenance,1,12,validated,2.471,[],5172,50359.16870977125,0.4184259259259259,[]
astana_atbasar,railsim_derailment,1,12,validated,5.449,[],32052,50611.10759866014,0.5850925925925926,[]
astana_atbasar,daily_load,2,24,validated,5.89,[],110099,101218.79297509805,0.7965509259259259,[]
astana_atbasar,daily_load,3,36,validated,6.373,[],2114531,160602.12974042483,0.5210069444444444,['No feasible plan returned; never apply an unverified plan']
astana_ereymentau,single_track_operation,1,10,not_applicable,,,,,,This incident needs at least two main tracks
astana_ereymentau,ten_incidents,1,10,not_applicable,,,,,,Scenario has fewer than ten future resources
astana_ereymentau,daily_load,1,10,validated,0.233,[],0,26170.30330634404,0.3119675925925926,[]
astana_ereymentau,main_track_closure,1,10,validated,0.244,[],1200,26187.80330634404,0.3119675925925926,[]
astana_ereymentau,signal_failure,1,10,validated,0.244,[],1200,26187.80330634404,0.3119675925925926,[]
astana_ereymentau,station_track_closure,1,10,validated,0.243,[],0,26170.30330634404,0.3119675925925926,[]
astana_ereymentau,train_delay,1,10,validated,0.252,[],1200,26187.80330634404,0.3119675925925926,[]
astana_ereymentau,speed_restriction,1,10,validated,1.115,[],12198,23811.683856251126,0.4532175925925926,[]
astana_ereymentau,railsim_rail_defect,1,10,validated,0.247,[],3062,26206.08108412182,0.3119675925925926,[]
astana_ereymentau,railsim_theft,1,10,validated,0.248,[],2040,26201.511639677377,0.3119675925925926,[]
astana_ereymentau,railsim_flood,1,10,validated,0.244,[],6676,26246.875528566266,0.3119675925925926,[]
astana_ereymentau,railsim_snow,1,10,validated,0.284,[],610,26049.445818387576,0.31354166666666666,[]
astana_ereymentau,railsim_sand,1,10,validated,0.275,[],176,26073.318423363282,0.3119675925925926,[]
astana_ereymentau,railsim_heat,1,10,validated,0.315,[],376,26060.78973102215,0.3119675925925926,[]
astana_ereymentau,railsim_loco_failure,1,10,validated,0.263,[],3062,26206.73247301071,0.34120370370370373,[]
astana_ereymentau,railsim_wagon_defect,1,10,validated,0.25,[],1200,26187.80330634404,0.3119675925925926,[]
astana_ereymentau,railsim_crossing,1,10,validated,0.247,[],3062,26206.08108412182,0.3119675925925926,[]
astana_ereymentau,railsim_people,1,10,validated,0.24,[],1140,26187.21997301071,0.3119675925925926,[]
astana_ereymentau,railsim_maintenance,1,10,validated,0.244,[],1140,26187.21997301071,0.3119675925925926,[]
astana_ereymentau,railsim_derailment,1,10,validated,0.261,[],21321,26395.938028566263,0.46620370370370373,[]
astana_ereymentau,daily_load,2,20,validated,5.467,[],43284,52569.65383491031,0.5881597222222222,[]
astana_ereymentau,daily_load,3,30,validated,5.671,[],386980,80309.15853014325,0.7034027777777778,[]
