scenario,strategy,kind,delay_s,passenger_delay_s,energy_kwh,quality_index,conflicts,applicable,changed_movements,elapsed_ms
normal,fcfs,synthetic_forecast,16665,13930,30872.327,46.45,0,True,0,151.7
normal,balanced,synthetic_forecast,18321,10456,30861.977,48.65,0,True,0,4112.0
normal,passenger,synthetic_forecast,13265,6690,30819.988,53.9,0,True,0,4112.0
normal,eco,synthetic_forecast,40999,25454,26520.369,37.32,0,True,0,4112.0
main_track_closure,balanced,synthetic_forecast,16193,9042,30851.088,50.72,0,True,41,4374.9
main_track_closure,passenger,synthetic_forecast,14195,7614,30834.83,52.74,0,True,38,4374.9
main_track_closure,eco,synthetic_forecast,45649,28669,26613.084,37.26,0,True,92,4374.9
signal_failure,balanced,synthetic_forecast,16193,9042,30851.088,50.72,0,True,41,4147.3
signal_failure,passenger,synthetic_forecast,15479,7614,30840.18,52.21,0,True,48,4147.3
signal_failure,eco,synthetic_forecast,40007,24237,26564.954,37.29,0,True,92,4147.3
station_track_closure,balanced,synthetic_forecast,17927,9397,30860.285,53.45,0,True,77,4244.1
station_track_closure,passenger,synthetic_forecast,13265,6690,30819.988,53.9,0,True,29,4244.1
station_track_closure,eco,synthetic_forecast,39359,25906,26571.526,37.29,0,True,92,4244.1
train_delay,balanced,synthetic_forecast,23060,8876,30872.945,49.87,0,True,74,4418.4
train_delay,passenger,synthetic_forecast,14051,7614,30834.23,52.8,0,True,43,4418.4
train_delay,eco,synthetic_forecast,40007,24237,26564.954,37.29,0,True,92,4418.4
speed_restriction,balanced,synthetic_forecast,17895,12737,30101.477,46.93,0,True,77,4270.9
speed_restriction,passenger,synthetic_forecast,22233,13470,30123.624,44.51,0,True,54,4270.9
speed_restriction,eco,synthetic_forecast,41759,32712,26031.183,37.65,0,True,92,4270.9
single_track_operation,balanced,synthetic_forecast,18853,9049,30855.696,49.6,0,True,49,4207.7
single_track_operation,passenger,synthetic_forecast,11803,6145,30816.702,58.71,0,True,77,4207.7
single_track_operation,eco,synthetic_forecast,41262,24797,26573.294,37.28,0,True,92,4207.7
ten_incidents,balanced,synthetic_forecast,13451,7014,30834.23,53.55,0,True,77,4306.6
ten_incidents,passenger,synthetic_forecast,18016,10314,30871.584,50.77,0,True,79,4306.6
ten_incidents,eco,synthetic_forecast,41883,32598,26619.22,37.25,0,True,92,4306.6
railsim_rail_defect,balanced,synthetic_forecast,21011,12834,30892.23,45.55,0,True,42,4131.9
railsim_rail_defect,passenger,synthetic_forecast,21863,13402,30898.935,44.72,0,True,42,4131.9
railsim_rail_defect,eco,synthetic_forecast,55628,28335,26652.808,37.23,0,True,92,4131.9
railsim_theft,balanced,synthetic_forecast,18017,10437,30866.438,48.8,0,True,41,4220.3
railsim_theft,passenger,synthetic_forecast,17411,10134,30862.23,49.3,0,True,41,4220.3
railsim_theft,eco,synthetic_forecast,48339,31692,26641.087,37.24,0,True,92,4220.3
railsim_flood,balanced,synthetic_forecast,40737,32872,31085.743,35.0,0,True,37,4191.2
railsim_flood,passenger,synthetic_forecast,40737,32872,31085.743,35.0,0,True,32,4191.2
railsim_flood,eco,synthetic_forecast,54600,36117,26691.758,37.21,0,True,92,4191.2
railsim_snow,balanced,synthetic_forecast,15096,7902,30632.51,54.0,0,True,84,4142.5
railsim_snow,passenger,synthetic_forecast,11943,5533,30438.082,59.16,0,True,73,4142.5
railsim_snow,eco,synthetic_forecast,34216,19806,26410.494,37.39,0,True,92,4142.5
railsim_sand,balanced,synthetic_forecast,12713,5711,30704.154,58.69,0,True,74,4229.4
railsim_sand,passenger,synthetic_forecast,33624,12328,30836.444,44.47,0,True,84,4229.4
railsim_sand,eco,synthetic_forecast,40695,24636,26528.497,37.31,0,True,92,4229.4
railsim_heat,balanced,synthetic_forecast,20447,10406,30540.218,49.68,0,True,71,4368.6
railsim_heat,passenger,synthetic_forecast,18693,10298,30678.333,52.38,0,True,74,4368.6
railsim_heat,eco,synthetic_forecast,43435,33408,26488.16,37.34,0,True,92,4368.6
railsim_loco_failure,balanced,synthetic_forecast,29912,16452,30953.996,38.83,0,True,74,4154.6
railsim_loco_failure,passenger,synthetic_forecast,22103,13582,30900.935,44.47,0,True,42,4154.6
railsim_loco_failure,eco,synthetic_forecast,52114,40167,26703.899,37.2,0,True,92,4154.6
railsim_wagon_defect,balanced,synthetic_forecast,14222,7614,30834.942,52.73,0,True,55,4180.5
railsim_wagon_defect,passenger,synthetic_forecast,14051,7614,30834.23,52.8,0,True,48,4180.5
railsim_wagon_defect,eco,synthetic_forecast,41354,27162,26586.816,37.28,0,True,92,4180.5
railsim_crossing,balanced,synthetic_forecast,21011,12834,30892.23,45.55,0,True,41,4236.7
railsim_crossing,passenger,synthetic_forecast,21387,13165,30895.635,46.99,0,True,68,4236.7
railsim_crossing,eco,synthetic_forecast,46036,32567,26636.352,37.24,0,True,92,4236.7
railsim_people,balanced,synthetic_forecast,15630,8690,30846.787,51.25,0,True,67,4385.8
railsim_people,passenger,synthetic_forecast,14405,7830,30836.905,52.47,0,True,39,4385.8
railsim_people,eco,synthetic_forecast,38415,23450,26553.948,37.3,0,True,92,4385.8
railsim_maintenance,balanced,synthetic_forecast,20731,8986,30868.091,48.87,0,True,44,4162.8
railsim_maintenance,passenger,synthetic_forecast,14187,7765,30835.635,54.49,0,True,66,4162.8
railsim_maintenance,eco,synthetic_forecast,39647,23937,26561.787,37.29,0,True,92,4162.8
railsim_derailment,balanced,synthetic_forecast,66715,65407,31366.402,32.5,0,True,77,4343.0
railsim_derailment,passenger,synthetic_forecast,73137,56541,31358.071,36.88,0,True,86,4343.0
railsim_derailment,eco,synthetic_forecast,72313,60814,26902.767,34.56,0,True,92,4343.0
