corridor,case,multiplier,trains,status,solver_status,elapsed_s,within_5s,delay_s,energy_kwh,completed_in_day,completion_s,retry_budget_s,initial_attempt,diagnostics,violations
astana1_ereymentau,single_track_operation,1,10,not_applicable,,,,,,,,,,This incident needs at least two main tracks,
astana1_ereymentau,ten_incidents,1,10,not_applicable,,,,,,,,,,Scenario has fewer than ten future resources,
astana1_ereymentau,daily_load,1,10,validated,OPTIMAL,0.657,True,2152,28932.978742811647,9,87794,,,[],[]
astana1_ereymentau,main_track_closure,1,10,validated,OPTIMAL,0.518,True,3352,28954.39124281165,9,87794,,,[],[]
astana1_ereymentau,signal_failure,1,10,validated,OPTIMAL,1.759,True,3352,28954.39124281165,9,87794,,,[],[]
astana1_ereymentau,station_track_closure,1,10,validated,OPTIMAL,1.005,True,2152,28936.62874281165,9,87794,,,[],[]
astana1_ereymentau,train_delay,1,10,validated,OPTIMAL,0.809,True,3352,28954.39124281165,9,87794,,,[],[]
astana1_ereymentau,speed_restriction,1,10,validated,FEASIBLE,2.193,True,27200,25800.35092722269,9,89474,,,[],[]
astana1_ereymentau,railsim_rail_defect,1,10,validated,OPTIMAL,1.339,True,5092,28974.107909478316,9,87794,,,[],[]
astana1_ereymentau,railsim_theft,1,10,validated,OPTIMAL,1.291,True,4459,28970.72457614498,9,87794,,,[],[]
astana1_ereymentau,railsim_flood,1,10,validated,OPTIMAL,0.468,True,9125,29016.08846503387,9,87794,,,[],[]
astana1_ereymentau,railsim_snow,1,10,validated,OPTIMAL,0.777,True,2762,28815.771254855183,9,87794,,,[],[]
astana1_ereymentau,railsim_sand,1,10,validated,OPTIMAL,1.753,True,2328,28839.64385983089,9,87794,,,[],[]
astana1_ereymentau,railsim_heat,1,10,validated,OPTIMAL,0.53,True,2528,28827.115167489756,9,87794,,,[],[]
astana1_ereymentau,railsim_loco_failure,1,10,validated,OPTIMAL,1.48,True,5152,28975.27457614498,9,87794,,,[],[]
astana1_ereymentau,railsim_wagon_defect,1,10,validated,OPTIMAL,0.381,True,3352,28954.39124281165,9,87794,,,[],[]
astana1_ereymentau,railsim_crossing,1,10,validated,OPTIMAL,0.432,True,5092,28974.107909478316,9,87794,,,[],[]
astana1_ereymentau,railsim_people,1,10,validated,FEASIBLE,2.218,True,3292,28953.545409478316,9,87794,,,[],[]
astana1_ereymentau,railsim_maintenance,1,10,validated,OPTIMAL,0.583,True,3292,28953.545409478316,9,87794,,,[],[]
astana1_ereymentau,railsim_derailment,1,10,validated,OPTIMAL,0.698,True,23698,29158.21624281165,9,87794,,,[],[]
astana1_ereymentau,single_track_operation,2,20,not_applicable,,,,,,,,,,This incident needs at least two main tracks,
astana1_ereymentau,ten_incidents,2,20,not_applicable,,,,,,,,,,Scenario has fewer than ten future resources,
astana1_ereymentau,daily_load,2,20,validated,FEASIBLE,2.486,True,50132,58102.41304117882,18,91910,,,[],[]
astana1_ereymentau,main_track_closure,2,20,validated,FEASIBLE,2.475,True,54839,58149.92137451217,17,90637,,,[],[]
astana1_ereymentau,signal_failure,2,20,validated,FEASIBLE,2.47,True,54841,58149.9297078455,17,90637,,,[],[]
astana1_ereymentau,station_track_closure,2,20,validated,FEASIBLE,2.471,True,55228,58121.14637451216,18,91910,,,[],[]
astana1_ereymentau,train_delay,2,20,validated,FEASIBLE,2.466,True,58624,58165.42554117883,18,91910,,,[],[]
astana1_ereymentau,speed_restriction,2,20,validated,FEASIBLE,2.478,True,331505,52835.07268777869,13,120318,,,[],[]
astana1_ereymentau,railsim_rail_defect,2,20,validated,FEASIBLE,2.487,True,60250,58206.093596734405,17,90683,,,[],[]
astana1_ereymentau,railsim_theft,2,20,validated,FEASIBLE,2.468,True,62322,58203.143596734386,17,90637,,,[],[]
astana1_ereymentau,railsim_flood,2,20,validated,FEASIBLE,2.468,True,78843,58355.48109673438,17,90637,,,[],[]
astana1_ereymentau,railsim_snow,2,20,validated,FEASIBLE,2.472,True,59382,57913.678620821454,18,91910,,,[],[]
astana1_ereymentau,railsim_sand,2,20,validated,FEASIBLE,2.484,True,56445,58039.75454708696,18,91910,,,[],[]
astana1_ereymentau,railsim_heat,2,20,validated,FEASIBLE,2.473,True,56921,57925.106723868375,17,90637,,,[],[]
astana1_ereymentau,railsim_loco_failure,2,20,validated,FEASIBLE,2.474,True,57487,58176.02693006773,18,91452,,,[],[]
astana1_ereymentau,railsim_wagon_defect,2,20,validated,FEASIBLE,2.477,True,57643,58153.43248562328,18,91910,,,[],[]
astana1_ereymentau,railsim_crossing,2,20,validated,FEASIBLE,2.488,True,60250,58206.093596734405,17,90683,,,[],[]
astana1_ereymentau,railsim_people,2,20,validated,FEASIBLE,2.475,True,54719,58148.17137451216,17,90637,,,[],[]
astana1_ereymentau,railsim_maintenance,2,20,validated,FEASIBLE,2.46,True,56820,58159.175541178825,18,91910,,,[],[]
astana1_ereymentau,railsim_derailment,2,20,validated,FEASIBLE,2.469,True,134768,58878.32415228995,18,92609,,,[],[]
astana1_ereymentau,single_track_operation,3,30,not_applicable,,,,,,,,,,This incident needs at least two main tracks,
astana1_ereymentau,ten_incidents,3,30,not_applicable,,,,,,,,,,Scenario has fewer than ten future resources,
astana1_ereymentau,daily_load,3,30,validated,FEASIBLE,2.743,True,667684,89697.06956176828,18,139689,,,[],[]
astana1_ereymentau,main_track_closure,3,30,validated,FEASIBLE,2.695,True,728420,90020.36400621272,18,142532,,,[],[]
astana1_ereymentau,signal_failure,3,30,validated,FEASIBLE,2.733,True,728420,90020.36400621272,18,142532,,,[],[]
astana1_ereymentau,station_track_closure,3,30,validated,FEASIBLE,2.742,True,637393,89570.85706176827,18,139689,,,[],[]
astana1_ereymentau,train_delay,3,30,validated,FEASIBLE,2.669,True,728420,90020.36400621272,18,142532,,,[],[]
astana1_ereymentau,speed_restriction,3,30,validated,FEASIBLE,10.741,False,1678847,84311.54861500142,13,207338,10.0,"{""corridor"": ""astana1_ereymentau"", ""case"": ""speed_restriction"", ""multiplier"": 3, ""trains"": 30, ""solver_status"": ""UNKNOWN"", ""diagnostics"": [""No feasible plan returned; never apply an unverified plan""], ""baseline_retained"": false, ""status"": ""no_valid_plan_hold"", ""violations"": null, ""elapsed_s"": 1.987, ""within_5s"": true, ""before_announced_limit_fix"": {""status"": ""no_valid_plan_hold"", ""solver_status"": ""UNKNOWN"", ""elapsed_s"": 9.993}}",[],[]
astana1_ereymentau,railsim_rail_defect,3,30,validated,FEASIBLE,2.745,True,736030,90094.35011732385,18,142532,,,[],[]
astana1_ereymentau,railsim_theft,3,30,validated,FEASIBLE,2.682,True,735130,90085.60011732385,18,142532,,,[],[]
astana1_ereymentau,railsim_flood,3,30,validated,FEASIBLE,10.919,False,9721880,133520.64733954606,3,527648,10,"{""corridor"": ""astana1_ereymentau"", ""case"": ""railsim_flood"", ""multiplier"": 3, ""trains"": 30, ""solver_status"": ""UNKNOWN"", ""diagnostics"": [""No feasible plan returned; never apply an unverified plan""], ""baseline_retained"": false, ""status"": ""no_valid_plan_hold"", ""violations"": null, ""elapsed_s"": 1.986, ""within_5s"": true}",[],[]
astana1_ereymentau,railsim_snow,3,30,validated,FEASIBLE,2.732,True,729808,89768.61569696644,18,142532,,,[],[]
astana1_ereymentau,railsim_sand,3,30,validated,FEASIBLE,2.748,True,720036,89834.32356767642,18,142532,,,[],[]
astana1_ereymentau,railsim_heat,3,30,validated,FEASIBLE,2.682,True,727748,89656.82328024703,18,142532,,,[],[]
astana1_ereymentau,railsim_loco_failure,3,30,validated,FEASIBLE,2.735,True,736090,90094.93345065716,18,142532,,,[],[]
astana1_ereymentau,railsim_wagon_defect,3,30,validated,FEASIBLE,2.754,True,720831,89946.58206176829,18,142532,,,[],[]
astana1_ereymentau,railsim_crossing,3,30,validated,FEASIBLE,2.71,True,732138,90056.51122843496,18,142532,,,[],[]
astana1_ereymentau,railsim_people,3,30,validated,FEASIBLE,2.746,True,728300,90019.19733954607,18,142532,,,[],[]
astana1_ereymentau,railsim_maintenance,3,30,validated,FEASIBLE,2.76,True,728300,90019.19733954607,18,142532,,,[],[]
astana1_ereymentau,railsim_derailment,3,30,validated,FEASIBLE,10.694,False,1037340,91668.1306728794,15,149974,10.0,"{""corridor"": ""astana1_ereymentau"", ""case"": ""railsim_derailment"", ""multiplier"": 3, ""trains"": 30, ""solver_status"": ""UNKNOWN"", ""diagnostics"": [""No feasible plan returned; never apply an unverified plan""], ""baseline_retained"": false, ""status"": ""no_valid_plan_hold"", ""violations"": null, ""elapsed_s"": 9.99, ""within_5s"": false, ""initial_attempt"": {""corridor"": ""astana1_ereymentau"", ""case"": ""railsim_derailment"", ""multiplier"": 3, ""trains"": 30, ""solver_status"": ""UNKNOWN"", ""diagnostics"": [""No feasible plan returned; never apply an unverified plan""], ""baseline_retained"": false, ""status"": ""no_valid_plan_hold"", ""violations"": null, ""elapsed_s"": 1.987, ""within_5s"": true}, ""retry_budget_s"": 10}",[],[]
atbasar_esil,single_track_operation,1,10,not_applicable,,,,,,,,,,This incident needs at least two main tracks,
atbasar_esil,ten_incidents,1,10,not_applicable,,,,,,,,,,Scenario has fewer than ten future resources,
atbasar_esil,daily_load,1,10,validated,FEASIBLE,2.261,True,4776,31737.945308667247,9,87896,,,[],[]
atbasar_esil,main_track_closure,1,10,validated,FEASIBLE,2.256,True,5976,31765.350864222804,9,88496,,,[],[]
atbasar_esil,signal_failure,1,10,validated,FEASIBLE,2.247,True,5976,31765.350864222804,9,88496,,,[],[]
atbasar_esil,station_track_closure,1,10,validated,FEASIBLE,2.257,True,4776,31742.09530866725,9,88496,,,[],[]
atbasar_esil,train_delay,1,10,validated,FEASIBLE,2.271,True,5976,31765.350864222804,9,88496,,,[],[]
atbasar_esil,speed_restriction,1,10,validated,FEASIBLE,2.794,True,15213,29571.554233940922,9,89586,,,[],[]
atbasar_esil,railsim_rail_defect,1,10,validated,FEASIBLE,2.28,True,8012,31779.389753111693,9,88496,,,[],[]
atbasar_esil,railsim_theft,1,10,validated,FEASIBLE,2.56,True,8012,31777.73975311169,9,88496,,,[],[]
atbasar_esil,railsim_flood,1,10,validated,FEASIBLE,2.297,True,12222,31820.320308667247,9,88496,,,[],[]
atbasar_esil,railsim_snow,1,10,validated,FEASIBLE,2.252,True,4930,31658.077443515518,9,88496,,,[],[]
atbasar_esil,railsim_sand,1,10,validated,FEASIBLE,2.266,True,4776,31673.134045067618,9,88496,,,[],[]
atbasar_esil,railsim_heat,1,10,validated,FEASIBLE,2.249,True,4784,31666.01839058799,9,88496,,,[],[]
atbasar_esil,railsim_loco_failure,1,10,validated,FEASIBLE,2.262,True,8012,31779.389753111693,9,88496,,,[],[]
atbasar_esil,railsim_wagon_defect,1,10,validated,FEASIBLE,2.261,True,5976,31765.350864222804,9,88496,,,[],[]
atbasar_esil,railsim_crossing,1,10,validated,FEASIBLE,2.267,True,8012,31779.389753111693,9,88496,,,[],[]
atbasar_esil,railsim_people,1,10,validated,FEASIBLE,2.243,True,5916,31764.184197556133,9,88496,,,[],[]
atbasar_esil,railsim_maintenance,1,10,validated,FEASIBLE,2.252,True,5916,31764.184197556133,9,88496,,,[],[]
atbasar_esil,railsim_derailment,1,10,validated,FEASIBLE,2.244,True,24656,31946.781419778363,9,89668,,,[],[]
atbasar_esil,single_track_operation,2,20,not_applicable,,,,,,,,,,This incident needs at least two main tracks,
atbasar_esil,ten_incidents,2,20,not_applicable,,,,,,,,,,Scenario has fewer than ten future resources,
atbasar_esil,daily_load,2,20,validated,FEASIBLE,2.517,True,43020,63650.746172890045,18,91484,,,[],[]
atbasar_esil,main_track_closure,2,20,validated,FEASIBLE,2.525,True,50860,63729.42950622338,18,91484,,,[],[]
atbasar_esil,signal_failure,2,20,validated,FEASIBLE,2.521,True,50860,63729.42950622338,18,91484,,,[],[]
atbasar_esil,station_track_closure,2,20,validated,FEASIBLE,2.537,True,43992,63655.504506223384,18,89812,,,[],[]
atbasar_esil,train_delay,2,20,validated,FEASIBLE,2.521,True,51162,63732.14617289004,18,91484,,,[],[]
atbasar_esil,speed_restriction,2,20,validated,FEASIBLE,2.537,True,72776,59362.839023437395,18,93608,,,[],[]
atbasar_esil,railsim_rail_defect,2,20,validated,FEASIBLE,2.535,True,51680,63745.235061778934,18,91398,,,[],[]
atbasar_esil,railsim_theft,2,20,validated,FEASIBLE,2.531,True,56618,63766.57811733448,18,91484,,,[],[]
atbasar_esil,railsim_flood,2,20,validated,FEASIBLE,2.525,True,64520,63847.59617289004,18,91484,,,[],[]
atbasar_esil,railsim_snow,2,20,validated,FEASIBLE,2.528,True,47798,63513.67155369768,18,91484,,,[],[]
atbasar_esil,railsim_sand,2,20,validated,FEASIBLE,2.533,True,47042,63549.300034579675,18,91484,,,[],[]
atbasar_esil,railsim_heat,2,20,validated,FEASIBLE,2.529,True,49355,63542.94233673154,18,93278,,,[],[]
atbasar_esil,railsim_loco_failure,2,20,validated,FEASIBLE,2.552,True,52057,63746.805895112266,18,93070,,,[],[]
atbasar_esil,railsim_wagon_defect,2,20,validated,FEASIBLE,2.534,True,51558,63734.08783955672,18,93278,,,[],[]
atbasar_esil,railsim_crossing,2,20,validated,FEASIBLE,2.578,True,51680,63745.235061778934,18,91398,,,[],[]
atbasar_esil,railsim_people,2,20,validated,FEASIBLE,2.54,True,50740,63727.783672890044,18,91484,,,[],[]
atbasar_esil,railsim_maintenance,2,20,validated,FEASIBLE,3.361,True,50939,63730.15867289005,18,91484,,,[],[]
atbasar_esil,railsim_derailment,2,20,validated,FEASIBLE,2.609,True,261902,64883.56006177893,14,114662,,,[],[]
atbasar_esil,single_track_operation,3,30,not_applicable,,,,,,,,,,This incident needs at least two main tracks,
atbasar_esil,ten_incidents,3,30,not_applicable,,,,,,,,,,Scenario has fewer than ten future resources,
atbasar_esil,daily_load,3,30,validated,FEASIBLE,2.915,True,137960,95852.28314822394,25,93872,,,[],[]
atbasar_esil,main_track_closure,3,30,validated,FEASIBLE,2.869,True,583716,97808.00259266842,18,132802,,,[],[]
atbasar_esil,signal_failure,3,30,validated,FEASIBLE,2.895,True,583716,97808.00259266842,18,132802,,,[],[]
atbasar_esil,station_track_closure,3,30,validated,FEASIBLE,2.873,True,544134,97524.91092600174,18,130886,,,[],[]
atbasar_esil,train_delay,3,30,validated,FEASIBLE,2.844,True,583716,97808.00259266842,18,132802,,,[],[]
atbasar_esil,speed_restriction,3,30,validated,FEASIBLE,2.826,True,734824,91762.62797960057,18,137641,,,[],[]
atbasar_esil,railsim_rail_defect,3,30,validated,FEASIBLE,3.024,True,155198,96026.38037044618,25,93872,,,[],[]
atbasar_esil,railsim_theft,3,30,validated,FEASIBLE,2.98,True,584556,97816.16925933507,18,132802,,,[],[]
atbasar_esil,railsim_flood,3,30,validated,FEASIBLE,11.018,False,166874,96143.94981489058,25,93872,10,"{""corridor"": ""atbasar_esil"", ""case"": ""railsim_flood"", ""multiplier"": 3, ""trains"": 30, ""solver_status"": ""UNKNOWN"", ""diagnostics"": [""No feasible plan returned; never apply an unverified plan""], ""baseline_retained"": false, ""status"": ""no_valid_plan_hold"", ""violations"": null, ""elapsed_s"": 1.991, ""within_5s"": true}",[],[]
atbasar_esil,railsim_snow,3,30,validated,FEASIBLE,2.961,True,160122,95747.17121943537,26,102010,,,[],[]
atbasar_esil,railsim_sand,3,30,validated,FEASIBLE,3.281,True,569828,97527.82867658026,18,132802,,,[],[]
atbasar_esil,railsim_heat,3,30,validated,FEASIBLE,2.864,True,233194,96172.49875650987,25,115916,,,[],[]
atbasar_esil,railsim_loco_failure,3,30,validated,FEASIBLE,2.886,True,156992,96031.35537044618,25,93872,,,[],[]
atbasar_esil,railsim_wagon_defect,3,30,validated,FEASIBLE,2.918,True,581192,97783.46370377953,18,132802,,,[],[]
atbasar_esil,railsim_crossing,3,30,validated,FEASIBLE,2.819,True,615262,98073.47759266841,18,132802,,,[],[]
atbasar_esil,railsim_people,3,30,validated,FEASIBLE,2.929,True,583656,97807.41925933507,18,132802,,,[],[]
atbasar_esil,railsim_maintenance,3,30,validated,FEASIBLE,2.908,True,500706,97461.79425933507,18,124642,,,[],[]
atbasar_esil,railsim_derailment,3,30,validated,FEASIBLE,2.962,True,659096,98540.86370377953,18,132802,,,[],[]
astana_burabay,single_track_operation,1,12,not_applicable,,,,,,,,,,This incident needs at least two main tracks,
astana_burabay,daily_load,1,12,validated,OPTIMAL,0.849,True,2884,52186.212168120735,10,94638,,,[],[]
astana_burabay,main_track_closure,1,12,validated,OPTIMAL,1.149,True,3920,52217.644112565176,10,95052,,,[],[]
astana_burabay,signal_failure,1,12,validated,OPTIMAL,1.156,True,3920,52217.644112565176,10,95052,,,[],[]
astana_burabay,station_track_closure,1,12,validated,OPTIMAL,2.162,True,2884,52201.73855700962,10,95052,,,[],[]
astana_burabay,train_delay,1,12,validated,OPTIMAL,1.131,True,3920,52217.644112565176,10,95052,,,[],[]
astana_burabay,speed_restriction,1,12,validated,FEASIBLE,2.489,True,31645,49207.75018127403,10,96525,,,[],[]
astana_burabay,ten_incidents,1,12,validated,FEASIBLE,2.491,True,43189,52591.494112565175,10,95052,,,[],[]
astana_burabay,railsim_rail_defect,1,12,validated,FEASIBLE,2.565,True,5467,52232.63439034296,10,95052,,,[],[]
astana_burabay,railsim_theft,1,12,validated,FEASIBLE,2.512,True,5445,52219.010779231845,10,95052,,,[],[]
astana_burabay,railsim_flood,1,12,validated,FEASIBLE,2.529,True,9391,52259.7788347874,10,95052,,,[],[]
astana_burabay,railsim_snow,1,12,validated,FEASIBLE,2.524,True,3201,52080.48301842001,10,95052,,,[],[]
astana_burabay,railsim_sand,1,12,validated,FEASIBLE,2.536,True,3201,52101.97684619291,10,95052,,,[],[]
astana_burabay,railsim_heat,1,12,validated,OPTIMAL,1.614,True,3201,52104.150603213864,10,95052,,,[],[]
astana_burabay,railsim_loco_failure,1,12,validated,FEASIBLE,2.562,True,5518,52222.771890342956,10,94818,,,[],[]
astana_burabay,railsim_wagon_defect,1,12,validated,FEASIBLE,2.564,True,3920,52206.34272367629,10,95052,,,[],[]
astana_burabay,railsim_crossing,1,12,validated,FEASIBLE,2.525,True,5466,52232.63022367629,10,95052,,,[],[]
astana_burabay,railsim_people,1,12,validated,OPTIMAL,1.928,True,3800,52216.47744589852,10,95052,,,[],[]
astana_burabay,railsim_maintenance,1,12,validated,FEASIBLE,2.535,True,3800,52207.67605700963,10,95052,,,[],[]
astana_burabay,railsim_derailment,1,12,validated,FEASIBLE,2.499,True,22918,52396.334390342956,10,95052,,,[],[]
astana_burabay,single_track_operation,2,24,not_applicable,,,,,,,,,,This incident needs at least two main tracks,
astana_burabay,daily_load,2,24,validated,FEASIBLE,2.997,True,81181,104816.52572513037,20,99887,,,[],[]
astana_burabay,main_track_closure,2,24,validated,FEASIBLE,3.051,True,88483,104856.27711401928,19,100280,,,[],[]
astana_burabay,signal_failure,2,24,validated,FEASIBLE,2.974,True,85093,104835.73128068593,19,100280,,,[],[]
astana_burabay,station_track_closure,2,24,validated,FEASIBLE,2.995,True,78863,104800.71739179702,20,99569,,,[],[]
astana_burabay,train_delay,2,24,validated,FEASIBLE,2.964,True,87639,104853.22850290817,19,100280,,,[],[]
astana_burabay,speed_restriction,2,24,validated,FEASIBLE,2.999,True,1235335,103865.63786254809,10,203741,,,[],[]
astana_burabay,ten_incidents,2,24,validated,FEASIBLE,3.01,True,96805,104992.93128068591,19,98901,,,[],[]
astana_burabay,railsim_rail_defect,2,24,validated,FEASIBLE,3.009,True,83915,104852.93266957482,19,98901,,,[],[]
astana_burabay,railsim_theft,2,24,validated,FEASIBLE,3.077,True,85321,104875.55905846368,19,99992,,,[],[]
astana_burabay,railsim_flood,2,24,validated,FEASIBLE,2.991,True,87943,104935.75072513038,19,98901,,,[],[]
astana_burabay,railsim_snow,2,24,validated,FEASIBLE,3.014,True,81007,104576.11464795114,19,100061,,,[],[]
astana_burabay,railsim_sand,2,24,validated,FEASIBLE,3.009,True,82355,104625.35369238589,19,100280,,,[],[]
astana_burabay,railsim_heat,2,24,validated,FEASIBLE,2.997,True,83885,104610.07481753884,19,100359,,,[],[]
astana_burabay,railsim_loco_failure,2,24,validated,FEASIBLE,3.001,True,82336,104854.14933624148,19,98901,,,[],[]
astana_burabay,railsim_wagon_defect,2,24,validated,FEASIBLE,3.027,True,86497,104852.21322513038,19,100280,,,[],[]
astana_burabay,railsim_crossing,2,24,validated,FEASIBLE,3.016,True,83915,104852.93266957482,19,98901,,,[],[]
astana_burabay,railsim_people,2,24,validated,FEASIBLE,3.017,True,85606,104846.13961401928,19,100220,,,[],[]
astana_burabay,railsim_maintenance,2,24,validated,FEASIBLE,2.995,True,88042,104848.86878068595,20,100220,,,[],[]
astana_burabay,railsim_derailment,2,24,validated,FEASIBLE,3.037,True,1190139,110154.88405846371,10,199979,,,[],[]
astana_burabay,single_track_operation,3,36,not_applicable,,,,,,,,,,This incident needs at least two main tracks,
astana_burabay,daily_load,3,36,validated,UNKNOWN,3.464,True,2196864,166683.89900436212,15,230279,,,"[""No feasible plan returned; never apply an unverified plan""]",[]
astana_burabay,main_track_closure,3,36,validated,FEASIBLE,3.588,True,2205930,166777.87400436212,15,230279,,,[],[]
astana_burabay,signal_failure,3,36,validated,FEASIBLE,3.562,True,2205930,166777.87400436212,15,230279,,,[],[]
astana_burabay,station_track_closure,3,36,validated,FEASIBLE,3.59,True,2081970,166205.1740043621,15,227513,,,[],[]
astana_burabay,train_delay,3,36,validated,FEASIBLE,3.577,True,2205930,166777.87400436212,15,230279,,,[],[]
astana_burabay,speed_restriction,3,36,validated,FEASIBLE,3.519,True,2475901,158827.20332159987,13,236807,,,[],[]
astana_burabay,ten_incidents,3,36,validated,FEASIBLE,3.506,True,2432896,168984.48789325103,14,241560,,,[],[]
astana_burabay,railsim_rail_defect,3,36,validated,FEASIBLE,3.56,True,2217901,166894.25872658438,15,230279,,,[],[]
astana_burabay,railsim_theft,3,36,validated,FEASIBLE,3.612,True,2217001,166885.50872658438,15,230279,,,[],[]
astana_burabay,railsim_flood,3,36,validated,FEASIBLE,3.576,True,2509588,169730.1045599177,13,232324,,,[],[]
astana_burabay,railsim_snow,3,36,validated,FEASIBLE,3.639,True,2207105,166439.1643330377,15,230279,,,[],[]
astana_burabay,railsim_sand,3,36,validated,FEASIBLE,3.538,True,2200404,166632.21507132318,15,230279,,,[],[]
astana_burabay,railsim_heat,3,36,validated,FEASIBLE,3.567,True,2206505,166469.2379207526,15,230279,,,[],[]
astana_burabay,railsim_loco_failure,3,36,validated,FEASIBLE,3.549,True,2231119,167022.7670599177,15,230279,,,[],[]
astana_burabay,railsim_wagon_defect,3,36,validated,FEASIBLE,3.525,True,2205930,166777.87400436212,15,230279,,,[],[]
astana_burabay,railsim_crossing,3,36,validated,FEASIBLE,3.547,True,2231059,167022.18372658436,15,230279,,,[],[]
astana_burabay,railsim_people,3,36,validated,FEASIBLE,3.511,True,2205810,166776.7073376955,15,230279,,,[],[]
astana_burabay,railsim_maintenance,3,36,validated,FEASIBLE,3.542,True,2205810,166776.7073376955,15,230279,,,[],[]
astana_burabay,railsim_derailment,3,36,validated,FEASIBLE,3.54,True,2312148,167810.54900436208,15,230279,,,[],[]
kokshetau_burabay,single_track_operation,1,12,not_applicable,,,,,,,,,,This incident needs at least two main tracks,
kokshetau_burabay,ten_incidents,1,12,not_applicable,,,,,,,,,,Scenario has fewer than ten future resources,
kokshetau_burabay,daily_load,1,12,validated,OPTIMAL,0.16,True,0,16939.316000367126,12,84168,,,[],[]
kokshetau_burabay,main_track_closure,1,12,validated,OPTIMAL,0.185,True,1200,16956.816000367126,12,84168,,,[],[]
kokshetau_burabay,signal_failure,1,12,validated,OPTIMAL,0.192,True,1200,16956.816000367126,12,84168,,,[],[]
kokshetau_burabay,station_track_closure,1,12,validated,OPTIMAL,0.165,True,0,16939.316000367126,12,84168,,,[],[]
kokshetau_burabay,train_delay,1,12,validated,OPTIMAL,0.192,True,1200,16956.816000367126,12,84168,,,[],[]
kokshetau_burabay,speed_restriction,1,12,validated,OPTIMAL,0.19,True,1120,15488.616800588221,12,84908,,,[],[]
kokshetau_burabay,railsim_rail_defect,1,12,validated,OPTIMAL,0.165,True,2940,16973.73266703379,12,84168,,,[],[]
kokshetau_burabay,railsim_theft,1,12,validated,OPTIMAL,0.184,True,2040,16964.98266703379,12,84168,,,[],[]
kokshetau_burabay,railsim_flood,1,12,validated,OPTIMAL,0.203,True,9539,17043.72294481157,12,84168,,,[],[]
kokshetau_burabay,railsim_snow,1,12,validated,OPTIMAL,0.187,True,0,16833.446117839947,12,84168,,,[],[]
kokshetau_burabay,railsim_sand,1,12,validated,OPTIMAL,0.21,True,0,16897.09226594589,12,84168,,,[],[]
kokshetau_burabay,railsim_heat,1,12,validated,OPTIMAL,0.218,True,0,16843.608428045165,12,84168,,,[],[]
kokshetau_burabay,railsim_loco_failure,1,12,validated,OPTIMAL,0.166,True,3000,16974.889611478236,12,84168,,,[],[]
kokshetau_burabay,railsim_wagon_defect,1,12,validated,OPTIMAL,0.192,True,1200,16956.816000367126,12,84168,,,[],[]
kokshetau_burabay,railsim_crossing,1,12,validated,OPTIMAL,0.196,True,2940,16973.73266703379,12,84168,,,[],[]
kokshetau_burabay,railsim_people,1,12,validated,OPTIMAL,0.167,True,1140,16956.23266703379,12,84168,,,[],[]
kokshetau_burabay,railsim_maintenance,1,12,validated,OPTIMAL,0.19,True,1140,16956.23266703379,12,84168,,,[],[]
kokshetau_burabay,railsim_derailment,1,12,validated,OPTIMAL,0.231,True,24967,17199.550722589345,12,84168,,,[],[]
kokshetau_burabay,single_track_operation,2,24,not_applicable,,,,,,,,,,This incident needs at least two main tracks,
kokshetau_burabay,ten_incidents,2,24,not_applicable,,,,,,,,,,Scenario has fewer than ten future resources,
kokshetau_burabay,daily_load,2,24,validated,FEASIBLE,2.323,True,5208,33947.398667400914,24,85635,,,[],[]
kokshetau_burabay,main_track_closure,2,24,validated,OPTIMAL,0.44,True,7894,33979.34588962314,24,85635,,,[],[]
kokshetau_burabay,signal_failure,2,24,validated,OPTIMAL,0.453,True,7894,33979.34588962314,24,85635,,,[],[]
kokshetau_burabay,station_track_closure,2,24,validated,OPTIMAL,0.475,True,5208,33947.398667400914,24,85635,,,[],[]
kokshetau_burabay,train_delay,2,24,validated,OPTIMAL,0.567,True,6430,33965.11255628981,24,85635,,,[],[]
kokshetau_burabay,speed_restriction,2,24,validated,FEASIBLE,2.303,True,31997,31124.404434509794,23,87854,,,[],[]
kokshetau_burabay,railsim_rail_defect,2,24,validated,FEASIBLE,2.299,True,12280,34027.82088962315,24,85635,,,[],[]
kokshetau_burabay,railsim_theft,2,24,validated,OPTIMAL,0.599,True,9574,33995.679222956474,24,85635,,,[],[]
kokshetau_burabay,railsim_flood,2,24,validated,FEASIBLE,2.299,True,27710,34183.668111845385,24,85635,,,[],[]
kokshetau_burabay,railsim_snow,2,24,validated,FEASIBLE,2.297,True,6056,33736.72834679101,24,85635,,,[],[]
kokshetau_burabay,railsim_sand,2,24,validated,OPTIMAL,0.508,True,5443,33862.95119855844,24,85635,,,[],[]
kokshetau_burabay,railsim_heat,2,24,validated,FEASIBLE,2.301,True,5802,33755.98352275699,24,85635,,,[],[]
kokshetau_burabay,railsim_loco_failure,2,24,validated,FEASIBLE,2.289,True,12520,34030.15422295647,24,85635,,,[],[]
kokshetau_burabay,railsim_wagon_defect,2,24,validated,OPTIMAL,0.503,True,6430,33965.11255628981,24,85635,,,[],[]
kokshetau_burabay,railsim_crossing,2,24,validated,FEASIBLE,2.302,True,12280,34027.82088962315,24,85635,,,[],[]
kokshetau_burabay,railsim_people,2,24,validated,OPTIMAL,0.448,True,7774,33978.179222956474,24,85635,,,[],[]
kokshetau_burabay,railsim_maintenance,2,24,validated,OPTIMAL,0.453,True,7774,33978.179222956474,24,85635,,,[],[]
kokshetau_burabay,railsim_derailment,2,24,validated,FEASIBLE,2.324,True,100540,34571.709778512035,24,85935,,,[],[]
kokshetau_burabay,single_track_operation,3,36,not_applicable,,,,,,,,,,This incident needs at least two main tracks,
kokshetau_burabay,ten_incidents,3,36,not_applicable,,,,,,,,,,Scenario has fewer than ten future resources,
kokshetau_burabay,daily_load,3,36,validated,FEASIBLE,2.475,True,53129,51163.83550110135,35,88360,,,[],[]
kokshetau_burabay,main_track_closure,3,36,validated,FEASIBLE,2.491,True,57701,51209.76050110135,35,88360,,,[],[]
kokshetau_burabay,signal_failure,3,36,validated,FEASIBLE,2.491,True,57701,51209.76050110135,35,88360,,,[],[]
kokshetau_burabay,station_track_closure,3,36,validated,FEASIBLE,2.489,True,50893,51151.59383443468,35,87452,,,[],[]
kokshetau_burabay,train_delay,3,36,validated,FEASIBLE,2.482,True,54887,51181.218834434694,35,87731,,,[],[]
kokshetau_burabay,speed_restriction,3,36,validated,FEASIBLE,2.475,True,106022,46962.44206843131,32,90016,,,[],[]
kokshetau_burabay,railsim_rail_defect,3,36,validated,FEASIBLE,2.497,True,66482,51305.08966776803,35,87796,,,[],[]
kokshetau_burabay,railsim_theft,3,36,validated,FEASIBLE,2.499,True,61926,51253.98133443469,35,87796,,,[],[]
kokshetau_burabay,railsim_flood,3,36,validated,FEASIBLE,2.495,True,130349,51752.5299455458,33,92646,,,[],[]
kokshetau_burabay,railsim_snow,3,36,validated,FEASIBLE,2.503,True,55649,50852.017520186484,35,88360,,,[],[]
kokshetau_burabay,railsim_sand,3,36,validated,FEASIBLE,2.493,True,54313,51039.74763117097,35,88360,,,[],[]
kokshetau_burabay,railsim_heat,3,36,validated,FEASIBLE,2.501,True,55031,50879.296117468795,35,88360,,,[],[]
kokshetau_burabay,railsim_loco_failure,3,36,validated,FEASIBLE,2.487,True,67526,51314.214667768036,35,88360,,,[],[]
kokshetau_burabay,railsim_wagon_defect,3,36,validated,FEASIBLE,2.504,True,53802,51178.102167768026,35,87796,,,[],[]
kokshetau_burabay,railsim_crossing,3,36,validated,FEASIBLE,2.495,True,65798,51303.764667768024,35,87796,,,[],[]
kokshetau_burabay,railsim_people,3,36,validated,FEASIBLE,2.455,True,57521,51208.01050110136,35,88360,,,[],[]
kokshetau_burabay,railsim_maintenance,3,36,validated,FEASIBLE,2.475,True,57521,51208.01050110136,35,88360,,,[],[]
kokshetau_burabay,railsim_derailment,3,36,validated,FEASIBLE,2.56,True,262051,53038.94938999025,32,94862,,,[],[]
kokshetau,daily_load,1,14,validated,OPTIMAL,0.829,True,0,71659.5782705946,11,100108,,,[],[]
kokshetau,main_track_closure,1,14,validated,OPTIMAL,0.879,True,1200,71677.0782705946,11,100108,,,[],[]
kokshetau,signal_failure,1,14,validated,OPTIMAL,0.813,True,1200,71677.0782705946,11,100108,,,[],[]
kokshetau,station_track_closure,1,14,validated,OPTIMAL,0.982,True,0,71659.5782705946,11,100108,,,[],[]
kokshetau,train_delay,1,14,validated,OPTIMAL,1.082,True,1200,71677.0782705946,11,100108,,,[],[]
kokshetau,speed_restriction,1,14,validated,OPTIMAL,0.807,True,4782,69688.51895334221,11,101161,,,[],[]
kokshetau,single_track_operation,1,14,validated,OPTIMAL,0.888,True,0,71659.5782705946,11,100108,,,[],[]
kokshetau,ten_incidents,1,14,validated,OPTIMAL,0.832,True,600,71677.0782705946,11,100108,,,[],[]
kokshetau,railsim_rail_defect,1,14,validated,OPTIMAL,1.069,True,2940,71693.99493726128,11,100108,,,[],[]
kokshetau,railsim_theft,1,14,validated,OPTIMAL,0.813,True,2040,71685.24493726128,11,100108,,,[],[]
kokshetau,railsim_flood,1,14,validated,OPTIMAL,0.877,True,6540,71728.99493726128,11,100108,,,[],[]
kokshetau,railsim_snow,1,14,validated,OPTIMAL,1.114,True,0,71594.0028541108,11,100108,,,[],[]
kokshetau,railsim_sand,1,14,validated,OPTIMAL,0.947,True,0,71607.16384240815,11,100108,,,[],[]
kokshetau,railsim_heat,1,14,validated,OPTIMAL,0.906,True,0,71600.30756529848,11,100108,,,[],[]
kokshetau,railsim_loco_failure,1,14,validated,OPTIMAL,0.811,True,3000,71694.5782705946,11,100108,,,[],[]
kokshetau,railsim_wagon_defect,1,14,validated,OPTIMAL,1.012,True,1200,71677.0782705946,11,100108,,,[],[]
kokshetau,railsim_crossing,1,14,validated,OPTIMAL,0.938,True,2940,71693.99493726128,11,100108,,,[],[]
kokshetau,railsim_people,1,14,validated,OPTIMAL,0.835,True,1140,71676.49493726128,11,100108,,,[],[]
kokshetau,railsim_maintenance,1,14,validated,OPTIMAL,0.803,True,1140,71676.49493726128,11,100108,,,[],[]
kokshetau,railsim_derailment,1,14,validated,OPTIMAL,1.009,True,17546,71847.81993726127,11,100108,,,[],[]
kokshetau,daily_load,2,28,validated,OPTIMAL,2.735,True,22217,143505.71070785582,22,102908,,,[],[]
kokshetau,main_track_closure,2,28,validated,OPTIMAL,3.147,True,25217,143540.97320785583,22,102908,,,[],[]
kokshetau,signal_failure,2,28,validated,OPTIMAL,2.82,True,25217,143540.97320785583,22,102908,,,[],[]
kokshetau,station_track_closure,2,28,validated,OPTIMAL,2.597,True,22217,143505.97320785583,22,102908,,,[],[]
kokshetau,train_delay,2,28,validated,FEASIBLE,3.712,True,24350,143542.62598563367,22,102908,,,[],[]
kokshetau,speed_restriction,2,28,validated,FEASIBLE,3.509,True,40207,139563.68374001773,22,103961,,,[],[]
kokshetau,single_track_operation,2,28,validated,FEASIBLE,3.851,True,22217,143505.71070785582,22,102908,,,[],[]
kokshetau,ten_incidents,2,28,validated,OPTIMAL,3.192,True,27555,143563.70376341138,22,102908,,,[],[]
kokshetau,railsim_rail_defect,2,28,validated,FEASIBLE,3.689,True,28721,143575.0398745225,22,102908,,,[],[]
kokshetau,railsim_theft,2,28,validated,FEASIBLE,3.542,True,26912,143557.18987452248,22,102908,,,[],[]
kokshetau,railsim_flood,2,28,validated,FEASIBLE,3.67,True,35921,143645.0398745225,22,102908,,,[],[]
kokshetau,railsim_snow,2,28,validated,OPTIMAL,2.656,True,22743,143374.82237488823,22,102908,,,[],[]
kokshetau,railsim_sand,2,28,validated,OPTIMAL,2.951,True,22553,143401.14435148292,22,102908,,,[],[]
kokshetau,railsim_heat,2,28,validated,FEASIBLE,3.804,True,22640,143387.4317972636,22,102908,,,[],[]
kokshetau,railsim_loco_failure,2,28,validated,FEASIBLE,3.819,True,27502,143570.4607078559,22,102908,,,[],[]
kokshetau,railsim_wagon_defect,2,28,validated,FEASIBLE,3.809,True,24350,143542.0273745226,22,102908,,,[],[]
kokshetau,railsim_crossing,2,28,validated,FEASIBLE,3.742,True,28721,143575.0398745225,22,102908,,,[],[]
kokshetau,railsim_people,2,28,validated,OPTIMAL,2.632,True,25097,143539.80654118917,22,102908,,,[],[]
kokshetau,railsim_maintenance,2,28,validated,OPTIMAL,2.83,True,25097,143539.80654118917,22,102908,,,[],[]
kokshetau,railsim_derailment,2,28,validated,FEASIBLE,3.577,True,65162,143946.72043007804,22,102908,,,[],[]
kokshetau,daily_load,3,42,validated,FEASIBLE,4.451,True,75096,215539.09731178387,32,105708,,,[],[]
kokshetau,main_track_closure,3,42,validated,FEASIBLE,4.579,True,79896,215591.59731178387,32,105708,,,[],[]
kokshetau,signal_failure,3,42,validated,FEASIBLE,4.689,True,79896,215591.59731178387,32,105708,,,[],[]
kokshetau,station_track_closure,3,42,validated,FEASIBLE,4.621,True,75146,215539.30564511722,32,105708,,,[],[]
kokshetau,train_delay,3,42,validated,FEASIBLE,4.686,True,79896,215591.59731178387,32,105708,,,[],[]
kokshetau,speed_restriction,3,42,validated,FEASIBLE,4.384,True,106217,209625.25269336006,32,106761,,,[],[]
kokshetau,single_track_operation,3,42,validated,FEASIBLE,4.556,True,75172,215539.558422895,32,105708,,,[],[]
kokshetau,ten_incidents,3,42,validated,FEASIBLE,4.306,True,83403,215625.69314511723,32,105708,,,[],[]
kokshetau,railsim_rail_defect,3,42,validated,FEASIBLE,4.55,True,85116,215642.3473117839,32,105708,,,[],[]
kokshetau,railsim_theft,3,42,validated,FEASIBLE,4.581,True,82487,215617.0598117839,32,105708,,,[],[]
kokshetau,railsim_flood,3,42,validated,FEASIBLE,4.565,True,98277,215775.8723117839,32,105708,,,[],[]
kokshetau,railsim_snow,3,42,validated,FEASIBLE,4.624,True,76224,215342.83217344357,32,105708,,,[],[]
kokshetau,railsim_sand,3,42,validated,FEASIBLE,4.645,True,75844,215437.99623318872,32,105708,,,[],[]
kokshetau,railsim_heat,3,42,validated,FEASIBLE,4.465,True,76018,215361.74630700663,32,105708,,,[],[]
kokshetau,railsim_loco_failure,3,42,validated,FEASIBLE,4.72,True,85296,215644.09731178387,32,105708,,,[],[]
kokshetau,railsim_wagon_defect,3,42,validated,FEASIBLE,4.518,True,79896,215591.59731178387,32,105708,,,[],[]
kokshetau,railsim_crossing,3,42,validated,FEASIBLE,4.442,True,85116,215642.3473117839,32,105708,,,[],[]
kokshetau,railsim_people,3,42,validated,FEASIBLE,4.807,True,79716,215589.8473117839,32,105708,,,[],[]
kokshetau,railsim_maintenance,3,42,validated,FEASIBLE,4.419,True,79716,215589.87647845058,32,105708,,,[],[]
kokshetau,railsim_derailment,3,42,validated,FEASIBLE,4.547,True,164491,216425.43758956168,32,105708,,,[],[]
astana_atbasar,single_track_operation,1,12,not_applicable,,,,,,,,,,This incident needs at least two main tracks,
astana_atbasar,ten_incidents,1,12,not_applicable,,,,,,,,,,Scenario has fewer than ten future resources,
astana_atbasar,daily_load,1,12,validated,FEASIBLE,2.487,True,4032,50320.12009866014,10,95994,,,[],[]
astana_atbasar,main_track_closure,1,12,validated,FEASIBLE,2.532,True,5238,50355.64926532679,10,95234,,,[],[]
astana_atbasar,signal_failure,1,12,validated,FEASIBLE,2.558,True,5232,50352.596487549024,10,95238,,,[],[]
astana_atbasar,station_track_closure,1,12,validated,FEASIBLE,2.781,True,4032,50342.93259866014,10,95238,,,[],[]
astana_atbasar,train_delay,1,12,validated,FEASIBLE,2.56,True,5232,50344.10620977125,10,94743,,,[],[]
astana_atbasar,speed_restriction,1,12,validated,FEASIBLE,2.468,True,59291,45941.56412102174,10,100764,,,[],[]
astana_atbasar,railsim_rail_defect,1,12,validated,FEASIBLE,2.65,True,6981,50374.12843199347,10,95238,,,[],[]
astana_atbasar,railsim_theft,1,12,validated,FEASIBLE,2.507,True,6956,50359.66870977126,10,94710,,,[],[]
astana_atbasar,railsim_flood,1,12,validated,FEASIBLE,2.547,True,11194,50397.238154215695,10,95238,,,[],[]
astana_atbasar,railsim_snow,1,12,validated,FEASIBLE,2.531,True,5090,50166.09382006403,10,95238,,,[],[]
astana_atbasar,railsim_sand,1,12,validated,FEASIBLE,2.526,True,5024,50200.78734423308,10,95238,,,[],[]
astana_atbasar,railsim_heat,1,12,validated,FEASIBLE,2.678,True,5024,50181.88276347421,10,95238,,,[],[]
astana_atbasar,railsim_loco_failure,1,12,validated,FEASIBLE,2.516,True,7032,50360.79093199347,10,95238,,,[],[]
astana_atbasar,railsim_wagon_defect,1,12,validated,FEASIBLE,2.497,True,5232,50359.752043104585,10,95238,,,[],[]
astana_atbasar,railsim_crossing,1,12,validated,FEASIBLE,2.546,True,6982,50374.911765326804,10,95238,,,[],[]
astana_atbasar,railsim_people,1,12,validated,FEASIBLE,2.474,True,5172,50359.16870977125,10,95994,,,[],[]
astana_atbasar,railsim_maintenance,1,12,validated,FEASIBLE,2.496,True,5172,50359.16870977125,10,95238,,,[],[]
astana_atbasar,railsim_derailment,1,12,validated,FEASIBLE,2.589,True,33436,50611.69509866014,10,94638,,,[],[]
astana_atbasar,single_track_operation,2,24,not_applicable,,,,,,,,,,This incident needs at least two main tracks,
astana_atbasar,ten_incidents,2,24,not_applicable,,,,,,,,,,Scenario has fewer than ten future resources,
astana_atbasar,daily_load,2,24,validated,FEASIBLE,2.967,True,110987,101224.49575287581,18,100773,,,[],[]
astana_atbasar,main_track_closure,2,24,validated,FEASIBLE,3.029,True,114000,101282.11797509807,18,100250,,,[],[]
astana_atbasar,signal_failure,2,24,validated,FEASIBLE,2.982,True,1038557,105461.34158620909,12,198654,,,[],[]
astana_atbasar,station_track_closure,2,24,validated,FEASIBLE,2.964,True,963434,105097.4901973202,12,195026,,,[],[]
astana_atbasar,train_delay,2,24,validated,FEASIBLE,3.034,True,114000,101282.11797509807,18,100250,,,[],[]
astana_atbasar,speed_restriction,2,24,validated,FEASIBLE,10.937,False,1767718,99329.12824204347,10,266506,10.0,"{""corridor"": ""astana_atbasar"", ""case"": ""speed_restriction"", ""multiplier"": 2, ""trains"": 24, ""solver_status"": ""UNKNOWN"", ""diagnostics"": [""No feasible plan returned; never apply an unverified plan""], ""baseline_retained"": false, ""status"": ""no_valid_plan_hold"", ""violations"": null, ""elapsed_s"": 1.987, ""within_5s"": true, ""before_announced_limit_fix"": {""status"": ""no_valid_plan_hold"", ""solver_status"": ""UNKNOWN"", ""elapsed_s"": 9.99}}",[],[]
astana_atbasar,railsim_rail_defect,2,24,validated,FEASIBLE,3.117,True,106670,101243.84019732026,18,100288,,,[],[]
astana_atbasar,railsim_theft,2,24,validated,FEASIBLE,3.07,True,105194,101229.49019732026,18,100288,,,[],[]
astana_atbasar,railsim_flood,2,24,validated,FEASIBLE,2.988,True,1262393,107637.52491954243,11,200364,,,[],[]
astana_atbasar,railsim_snow,2,24,validated,FEASIBLE,3.078,True,105398,100887.70014012803,18,100288,,,[],[]
astana_atbasar,railsim_sand,2,24,validated,FEASIBLE,2.967,True,1037821,105317.72133178203,12,198654,,,[],[]
astana_atbasar,railsim_heat,2,24,validated,FEASIBLE,3.049,True,103672,100903.9544158373,18,100288,,,[],[]
astana_atbasar,railsim_loco_failure,2,24,validated,FEASIBLE,3.005,True,106970,101250.56797509803,18,100288,,,[],[]
astana_atbasar,railsim_wagon_defect,2,24,validated,FEASIBLE,2.979,True,100750,101190.09575287582,18,100288,,,[],[]
astana_atbasar,railsim_crossing,2,24,validated,FEASIBLE,3.001,True,106670,101243.84019732026,18,100288,,,[],[]
astana_atbasar,railsim_people,2,24,validated,FEASIBLE,2.973,True,1038497,105460.75825287576,12,198654,,,[],[]
astana_atbasar,railsim_maintenance,2,24,validated,FEASIBLE,2.979,True,113355,101275.84714176472,18,100250,,,[],[]
astana_atbasar,railsim_derailment,2,24,validated,FEASIBLE,10.967,False,203952,102060.20964176473,18,100411,10,"{""corridor"": ""astana_atbasar"", ""case"": ""railsim_derailment"", ""multiplier"": 2, ""trains"": 24, ""solver_status"": ""UNKNOWN"", ""diagnostics"": [""No feasible plan returned; never apply an unverified plan""], ""baseline_retained"": false, ""status"": ""no_valid_plan_hold"", ""violations"": null, ""elapsed_s"": 1.988, ""within_5s"": true}",[],[]
astana_atbasar,single_track_operation,3,36,not_applicable,,,,,,,,,,This incident needs at least two main tracks,
astana_atbasar,ten_incidents,3,36,not_applicable,,,,,,,,,,Scenario has fewer than ten future resources,
astana_atbasar,daily_load,3,36,validated,UNKNOWN,3.485,True,2114531,160602.12974042483,15,235745,,,"[""No feasible plan returned; never apply an unverified plan""]",[]
astana_atbasar,main_track_closure,3,36,validated,FEASIBLE,3.54,True,2127121,160730.36585153596,15,235745,,,[],[]
astana_atbasar,signal_failure,3,36,validated,FEASIBLE,3.623,True,2127121,160730.36585153596,15,235745,,,[],[]
astana_atbasar,station_track_closure,3,36,validated,FEASIBLE,3.403,True,1991057,160087.65474042483,15,232117,,,[],[]
astana_atbasar,train_delay,3,36,validated,FEASIBLE,3.529,True,2127121,160730.36585153596,15,235745,,,[],[]
astana_atbasar,speed_restriction,3,36,validated,FEASIBLE,11.445,False,3758169,153995.1590297319,12,337622,10.0,"{""corridor"": ""astana_atbasar"", ""case"": ""speed_restriction"", ""multiplier"": 3, ""trains"": 36, ""solver_status"": ""UNKNOWN"", ""diagnostics"": [""No feasible plan returned; never apply an unverified plan""], ""baseline_retained"": false, ""status"": ""no_valid_plan_hold"", ""violations"": null, ""elapsed_s"": 1.989, ""within_5s"": true, ""before_announced_limit_fix"": {""status"": ""no_valid_plan_hold"", ""solver_status"": ""UNKNOWN"", ""elapsed_s"": 9.996}}",[],[]
astana_atbasar,railsim_rail_defect,3,36,validated,FEASIBLE,3.43,True,2152270,160974.87001820264,15,235745,,,[],[]
astana_atbasar,railsim_theft,3,36,validated,FEASIBLE,3.436,True,2143067,160885.3964070915,15,235745,,,[],[]
astana_atbasar,railsim_flood,3,36,validated,FEASIBLE,3.433,True,2224885,161608.87140709153,14,235745,,,[],[]
astana_atbasar,railsim_snow,3,36,validated,FEASIBLE,3.446,True,2139564,160505.05634989927,15,235745,,,[],[]
astana_atbasar,railsim_sand,3,36,validated,FEASIBLE,3.469,True,2125649,160579.59004155337,15,235745,,,[],[]
astana_atbasar,railsim_heat,3,36,validated,FEASIBLE,3.481,True,2127535,160423.65229227522,15,235745,,,[],[]
astana_atbasar,railsim_loco_failure,3,36,validated,FEASIBLE,3.527,True,2152330,160975.45335153595,15,235745,,,[],[]
astana_atbasar,railsim_wagon_defect,3,36,validated,FEASIBLE,3.622,True,2126538,160724.6977959804,15,235745,,,[],[]
astana_atbasar,railsim_crossing,3,36,validated,FEASIBLE,3.635,True,2152270,160974.87001820264,15,235745,,,[],[]
astana_atbasar,railsim_people,3,36,validated,FEASIBLE,3.625,True,2127001,160729.1991848693,15,235745,,,[],[]
astana_atbasar,railsim_maintenance,3,36,validated,FEASIBLE,3.701,True,2127001,160729.1991848693,15,235745,,,[],[]
astana_atbasar,railsim_derailment,3,36,validated,FEASIBLE,11.451,False,2252898,161654.49779598034,15,238029,10.0,"{""corridor"": ""astana_atbasar"", ""case"": ""railsim_derailment"", ""multiplier"": 3, ""trains"": 36, ""solver_status"": ""UNKNOWN"", ""diagnostics"": [""No feasible plan returned; never apply an unverified plan""], ""baseline_retained"": false, ""status"": ""no_valid_plan_hold"", ""violations"": null, ""elapsed_s"": 9.992, ""within_5s"": false, ""initial_attempt"": {""corridor"": ""astana_atbasar"", ""case"": ""railsim_derailment"", ""multiplier"": 3, ""trains"": 36, ""solver_status"": ""UNKNOWN"", ""diagnostics"": [""No feasible plan returned; never apply an unverified plan""], ""baseline_retained"": false, ""status"": ""no_valid_plan_hold"", ""violations"": null, ""elapsed_s"": 1.991, ""within_5s"": true}, ""retry_budget_s"": 10}",[],[]
astana_ereymentau,single_track_operation,1,10,not_applicable,,,,,,,,,,This incident needs at least two main tracks,
astana_ereymentau,ten_incidents,1,10,not_applicable,,,,,,,,,,Scenario has fewer than ten future resources,
astana_ereymentau,daily_load,1,10,validated,OPTIMAL,0.242,True,0,26170.30330634404,9,86137,,,[],[]
astana_ereymentau,main_track_closure,1,10,validated,OPTIMAL,0.304,True,1200,26187.80330634404,9,86137,,,[],[]
astana_ereymentau,signal_failure,1,10,validated,OPTIMAL,0.265,True,1200,26187.80330634404,9,86137,,,[],[]
astana_ereymentau,station_track_closure,1,10,validated,OPTIMAL,0.248,True,0,26170.30330634404,9,86137,,,[],[]
astana_ereymentau,train_delay,1,10,validated,OPTIMAL,0.266,True,1200,26187.80330634404,9,86137,,,[],[]
astana_ereymentau,speed_restriction,1,10,validated,FEASIBLE,2.212,True,26804,23054.736601866203,9,88780,,,[],[]
astana_ereymentau,railsim_rail_defect,1,10,validated,OPTIMAL,0.271,True,3062,26206.08108412182,9,86137,,,[],[]
astana_ereymentau,railsim_theft,1,10,validated,OPTIMAL,0.622,True,2040,26201.511639677377,9,86137,,,[],[]
astana_ereymentau,railsim_flood,1,10,validated,OPTIMAL,0.612,True,6676,26246.875528566266,9,86137,,,[],[]
astana_ereymentau,railsim_snow,1,10,validated,OPTIMAL,0.35,True,610,26049.445818387576,9,86137,,,[],[]
astana_ereymentau,railsim_sand,1,10,validated,OPTIMAL,0.34,True,176,26073.318423363282,9,86137,,,[],[]
astana_ereymentau,railsim_heat,1,10,validated,OPTIMAL,0.304,True,376,26060.78973102215,9,86137,,,[],[]
astana_ereymentau,railsim_loco_failure,1,10,validated,OPTIMAL,0.289,True,3062,26206.73247301071,9,86137,,,[],[]
astana_ereymentau,railsim_wagon_defect,1,10,validated,OPTIMAL,0.269,True,1200,26187.80330634404,9,86137,,,[],[]
astana_ereymentau,railsim_crossing,1,10,validated,OPTIMAL,0.266,True,3062,26206.08108412182,9,86137,,,[],[]
astana_ereymentau,railsim_people,1,10,validated,OPTIMAL,0.276,True,1140,26187.21997301071,9,86137,,,[],[]
astana_ereymentau,railsim_maintenance,1,10,validated,OPTIMAL,0.29,True,1140,26187.21997301071,9,86137,,,[],[]
astana_ereymentau,railsim_derailment,1,10,validated,OPTIMAL,0.327,True,21321,26395.938028566263,9,86137,,,[],[]
astana_ereymentau,single_track_operation,2,20,not_applicable,,,,,,,,,,This incident needs at least two main tracks,
astana_ereymentau,ten_incidents,2,20,not_applicable,,,,,,,,,,Scenario has fewer than ten future resources,
astana_ereymentau,daily_load,2,20,validated,FEASIBLE,2.462,True,44412,52574.03716824363,18,90553,,,[],[]
astana_ereymentau,main_track_closure,2,20,validated,FEASIBLE,2.507,True,49832,52634.008001576985,18,89451,,,[],[]
astana_ereymentau,signal_failure,2,20,validated,FEASIBLE,2.555,True,49046,52630.787168243645,18,90723,,,[],[]
astana_ereymentau,station_track_closure,2,20,validated,FEASIBLE,2.541,True,45226,52585.57466824366,18,90723,,,[],[]
astana_ereymentau,train_delay,2,20,validated,FEASIBLE,2.553,True,48357,52613.96216824363,18,90553,,,[],[]
astana_ereymentau,speed_restriction,2,20,validated,FEASIBLE,2.457,True,263502,47054.27042595463,15,112409,,,[],[]
astana_ereymentau,railsim_rail_defect,2,20,validated,FEASIBLE,2.52,True,51911,52680.91911268809,18,90380,,,[],[]
astana_ereymentau,railsim_theft,2,20,validated,FEASIBLE,2.574,True,58115,52696.016334910295,18,90787,,,[],[]
astana_ereymentau,railsim_flood,2,20,validated,FEASIBLE,2.493,True,66772,52810.278834910314,18,89748,,,[],[]
astana_ereymentau,railsim_snow,2,20,validated,FEASIBLE,2.485,True,53871,52397.50691455294,18,89115,,,[],[]
astana_ereymentau,railsim_sand,2,20,validated,FEASIBLE,2.547,True,47947,52512.164785262874,17,89581,,,[],[]
astana_ereymentau,railsim_heat,2,20,validated,FEASIBLE,2.479,True,47864,52386.66835093319,18,90735,,,[],[]
astana_ereymentau,railsim_loco_failure,2,20,validated,FEASIBLE,2.474,True,58557,52701.44689046585,18,89200,,,[],[]
astana_ereymentau,railsim_wagon_defect,2,20,validated,FEASIBLE,2.664,True,47938,52621.624668243654,18,90723,,,[],[]
astana_ereymentau,railsim_crossing,2,20,validated,FEASIBLE,2.542,True,58150,52702.24689046586,18,90412,,,[],[]
astana_ereymentau,railsim_people,2,20,validated,FEASIBLE,2.61,True,48926,52629.07466824365,18,90723,,,[],[]
astana_ereymentau,railsim_maintenance,2,20,validated,FEASIBLE,2.559,True,48926,52629.224668243645,18,90723,,,[],[]
astana_ereymentau,railsim_derailment,2,20,validated,FEASIBLE,2.536,True,231255,53793.391334910295,16,99596,,,[],[]
astana_ereymentau,single_track_operation,3,30,not_applicable,,,,,,,,,,This incident needs at least two main tracks,
astana_ereymentau,ten_incidents,3,30,not_applicable,,,,,,,,,,Scenario has fewer than ten future resources,
astana_ereymentau,daily_load,3,30,validated,FEASIBLE,2.887,True,511675,80786.27658569878,20,126562,,,[],[]
astana_ereymentau,main_track_closure,3,30,validated,FEASIBLE,2.685,True,167704,79400.60019680992,26,94443,,,[],[]
astana_ereymentau,signal_failure,3,30,validated,FEASIBLE,2.777,True,169656,79405.5126968099,26,94330,,,[],[]
astana_ereymentau,station_track_closure,3,30,validated,FEASIBLE,2.715,True,599536,81177.04325236547,19,131434,,,[],[]
astana_ereymentau,train_delay,3,30,validated,FEASIBLE,2.83,True,169656,79405.5126968099,26,94330,,,[],[]
astana_ereymentau,speed_restriction,3,30,validated,FEASIBLE,10.751,False,1353858,74687.51813893195,14,189827,10.0,"{""corridor"": ""astana_ereymentau"", ""case"": ""speed_restriction"", ""multiplier"": 3, ""trains"": 30, ""solver_status"": ""UNKNOWN"", ""diagnostics"": [""No feasible plan returned; never apply an unverified plan""], ""baseline_retained"": false, ""status"": ""no_valid_plan_hold"", ""violations"": null, ""elapsed_s"": 1.986, ""within_5s"": true, ""before_announced_limit_fix"": {""status"": ""no_valid_plan_hold"", ""solver_status"": ""UNKNOWN"", ""elapsed_s"": 9.987}}",[],[]
astana_ereymentau,railsim_rail_defect,3,30,validated,FEASIBLE,2.689,True,575699,81168.60575236549,19,128805,,,[],[]
astana_ereymentau,railsim_theft,3,30,validated,FEASIBLE,2.87,True,193588,79585.598807921,25,95128,,,[],[]
astana_ereymentau,railsim_flood,3,30,validated,FEASIBLE,2.749,True,396002,80649.83353014325,23,112281,,,[],[]
astana_ereymentau,railsim_snow,3,30,validated,FEASIBLE,2.887,True,212566,79234.97773294049,25,97061,,,[],[]
astana_ereymentau,railsim_sand,3,30,validated,FEASIBLE,2.814,True,167839,79172.86376418175,26,94443,,,[],[]
astana_ereymentau,railsim_heat,3,30,validated,FEASIBLE,3.021,True,627389,81121.586935055,19,134278,,,[],[]
astana_ereymentau,railsim_loco_failure,3,30,validated,FEASIBLE,2.669,True,635731,81440.69464125435,19,134278,,,[],[]
astana_ereymentau,railsim_wagon_defect,3,30,validated,FEASIBLE,2.831,True,204762,79568.74464125435,25,97061,,,[],[]
astana_ereymentau,railsim_crossing,3,30,validated,FEASIBLE,2.794,True,575699,81168.60575236549,19,128805,,,[],[]
astana_ereymentau,railsim_people,3,30,validated,FEASIBLE,2.728,True,170308,79411.12519680992,26,94443,,,[],[]
astana_ereymentau,railsim_maintenance,3,30,validated,FEASIBLE,2.763,True,169416,79402.59603014324,26,94330,,,[],[]
astana_ereymentau,railsim_derailment,3,30,validated,FEASIBLE,10.794,False,935516,83030.18769680991,17,140451,10.0,"{""corridor"": ""astana_ereymentau"", ""case"": ""railsim_derailment"", ""multiplier"": 3, ""trains"": 30, ""solver_status"": ""UNKNOWN"", ""diagnostics"": [""No feasible plan returned; never apply an unverified plan""], ""baseline_retained"": false, ""status"": ""no_valid_plan_hold"", ""violations"": null, ""elapsed_s"": 9.988, ""within_5s"": false, ""initial_attempt"": {""corridor"": ""astana_ereymentau"", ""case"": ""railsim_derailment"", ""multiplier"": 3, ""trains"": 30, ""solver_status"": ""UNKNOWN"", ""diagnostics"": [""No feasible plan returned; never apply an unverified plan""], ""baseline_retained"": false, ""status"": ""no_valid_plan_hold"", ""violations"": null, ""elapsed_s"": 1.987, ""within_5s"": true}, ""retry_budget_s"": 10}",[],[]
akmola_network,single_track_operation,1,28,not_applicable,,,,,,,,,,This incident needs at least two main tracks,
akmola_network,daily_load,1,28,validated,FEASIBLE,3.712,True,9640,63277.448526080676,25,92492,,,[],[]
akmola_network,main_track_closure,1,28,validated,FEASIBLE,3.687,True,16090,63349.81102608066,25,92492,,,[],[]
akmola_network,signal_failure,1,28,validated,FEASIBLE,3.677,True,16090,63349.81102608066,25,92492,,,[],[]
akmola_network,station_track_closure,1,28,validated,FEASIBLE,3.746,True,9640,63277.45269274734,25,92493,,,[],[]
akmola_network,train_delay,1,28,validated,FEASIBLE,3.759,True,16090,63349.823526080654,25,92495,,,[],[]
akmola_network,speed_restriction,1,28,validated,FEASIBLE,3.496,True,31616,62675.58780946593,25,92496,,,[],[]
akmola_network,ten_incidents,1,28,validated,FEASIBLE,3.494,True,31508,63498.873526080664,25,92494,,,[],[]
akmola_network,railsim_rail_defect,1,28,validated,FEASIBLE,3.756,True,14785,63328.86241496955,25,92495,,,[],[]
akmola_network,railsim_theft,1,28,validated,FEASIBLE,3.78,True,17214,63360.75547052511,25,92496,,,[],[]
akmola_network,railsim_flood,1,28,validated,FEASIBLE,4.456,True,232557,65245.449914969555,24,114908,,,[],[]
akmola_network,railsim_snow,1,28,validated,FEASIBLE,3.968,True,16090,63116.40057450143,25,92495,,,[],[]
akmola_network,railsim_sand,1,28,validated,FEASIBLE,3.786,True,15039,63255.69112265952,25,92933,,,[],[]
akmola_network,railsim_heat,1,28,validated,FEASIBLE,3.753,True,16090,63140.3469695021,25,92495,,,[],[]
akmola_network,railsim_loco_failure,1,28,validated,FEASIBLE,3.791,True,14785,63335.072137191775,25,92492,,,[],[]
akmola_network,railsim_wagon_defect,1,28,validated,FEASIBLE,3.752,True,16090,63349.81102608066,25,92492,,,[],[]
akmola_network,railsim_crossing,1,28,validated,FEASIBLE,5.097,False,14785,63328.849914969556,25,92492,,,[],[]
akmola_network,railsim_people,1,28,validated,FEASIBLE,3.816,True,16090,63349.81935941399,25,92494,,,[],[]
akmola_network,railsim_maintenance,1,28,validated,FEASIBLE,3.979,True,16090,63349.81102608066,25,92492,,,[],[]
akmola_network,railsim_derailment,1,28,validated,FEASIBLE,3.84,True,231521,65241.03602608067,24,114908,,,[],[]
akmola_network,single_track_operation,2,56,not_applicable,,,,,,,,,,This incident needs at least two main tracks,
akmola_network,daily_load,2,56,validated,UNKNOWN,5.706,False,612706,131622.18316327242,46,121786,,,"[""No feasible plan returned; never apply an unverified plan""]",[]
akmola_network,main_track_closure,2,56,validated,FEASIBLE,6.598,False,626065,131758.2845521613,46,121786,,,[],[]
akmola_network,signal_failure,2,56,validated,FEASIBLE,6.164,False,626065,131758.2845521613,46,121786,,,[],[]
akmola_network,station_track_closure,2,56,validated,FEASIBLE,5.76,False,612706,131622.18316327242,46,121786,,,[],[]
akmola_network,train_delay,2,56,validated,FEASIBLE,5.88,False,626065,131758.2845521613,46,121786,,,[],[]
akmola_network,speed_restriction,2,56,validated,FEASIBLE,13.345,False,708794,130909.05756337631,45,121196,10.0,"{""corridor"": ""akmola_network"", ""case"": ""speed_restriction"", ""multiplier"": 2, ""trains"": 56, ""solver_status"": ""UNKNOWN"", ""diagnostics"": [""No feasible plan returned; never apply an unverified plan""], ""baseline_retained"": false, ""status"": ""no_valid_plan_hold"", ""violations"": null, ""elapsed_s"": 2.006, ""within_5s"": true, ""before_announced_limit_fix"": {""status"": ""no_valid_plan_hold"", ""solver_status"": ""UNKNOWN"", ""elapsed_s"": 2.011}}",[],[]
akmola_network,ten_incidents,2,56,validated,FEASIBLE,5.28,False,625165,131749.5345521613,46,121786,,,[],[]
akmola_network,railsim_rail_defect,2,56,validated,FEASIBLE,13.286,False,661974,132194.14982993915,46,121196,10.0,"{""corridor"": ""akmola_network"", ""case"": ""railsim_rail_defect"", ""multiplier"": 2, ""trains"": 56, ""solver_status"": ""UNKNOWN"", ""diagnostics"": [""No feasible plan returned; never apply an unverified plan""], ""baseline_retained"": false, ""status"": ""no_valid_plan_hold"", ""violations"": null, ""elapsed_s"": 2.01, ""within_5s"": true}",[],[]
akmola_network,railsim_theft,2,56,validated,FEASIBLE,5.446,False,628867,131785.52621882796,46,121786,,,[],[]
akmola_network,railsim_flood,2,56,validated,FEASIBLE,13.323,False,677160,132319.40399660578,46,121196,10.0,"{""corridor"": ""akmola_network"", ""case"": ""railsim_flood"", ""multiplier"": 2, ""trains"": 56, ""solver_status"": ""UNKNOWN"", ""diagnostics"": [""No feasible plan returned; never apply an unverified plan""], ""baseline_retained"": false, ""status"": ""no_valid_plan_hold"", ""violations"": null, ""elapsed_s"": 2.029, ""within_5s"": true}",[],[]
akmola_network,railsim_snow,2,56,validated,FEASIBLE,5.362,False,627262,131536.49910058206,46,121786,,,[],[]
akmola_network,railsim_sand,2,56,validated,FEASIBLE,5.45,False,624929,131655.22992651793,46,121786,,,[],[]
akmola_network,railsim_heat,2,56,validated,FEASIBLE,5.438,False,625100,131539.4260511383,46,121786,,,[],[]
akmola_network,railsim_loco_failure,2,56,validated,FEASIBLE,13.431,False,673257,132303.84566327246,46,121196,10.0,"{""corridor"": ""akmola_network"", ""case"": ""railsim_loco_failure"", ""multiplier"": 2, ""trains"": 56, ""solver_status"": ""UNKNOWN"", ""diagnostics"": [""No feasible plan returned; never apply an unverified plan""], ""baseline_retained"": false, ""status"": ""no_valid_plan_hold"", ""violations"": null, ""elapsed_s"": 2.003, ""within_5s"": true}",[],[]
akmola_network,railsim_wagon_defect,2,56,validated,FEASIBLE,5.758,False,626065,131758.2845521613,46,121786,,,[],[]
akmola_network,railsim_crossing,2,56,validated,FEASIBLE,13.256,False,661974,132194.14982993915,46,121196,10.0,"{""corridor"": ""akmola_network"", ""case"": ""railsim_crossing"", ""multiplier"": 2, ""trains"": 56, ""solver_status"": ""UNKNOWN"", ""diagnostics"": [""No feasible plan returned; never apply an unverified plan""], ""baseline_retained"": false, ""status"": ""no_valid_plan_hold"", ""violations"": null, ""elapsed_s"": 2.009, ""within_5s"": true}",[],[]
akmola_network,railsim_people,2,56,validated,FEASIBLE,5.776,False,626005,131757.70121882798,46,121786,,,[],[]
akmola_network,railsim_maintenance,2,56,validated,FEASIBLE,5.785,False,626005,131757.70121882798,46,121786,,,[],[]
akmola_network,railsim_derailment,2,56,validated,FEASIBLE,5.745,False,766925,133133.9789966058,46,121786,,,[],[]
akmola_network,single_track_operation,3,84,not_applicable,,,,,,,,,,This incident needs at least two main tracks,
akmola_network,daily_load,3,84,validated,UNKNOWN,7.038,False,1557239,202446.91918935307,60,145645,,,"[""No feasible plan returned; never apply an unverified plan""]",[]
akmola_network,main_track_closure,3,84,validated,FEASIBLE,7.541,False,1562185,202501.22752268641,60,145645,,,[],[]
akmola_network,signal_failure,3,84,validated,FEASIBLE,7.548,False,1562185,202501.22752268641,60,145645,,,[],[]
akmola_network,station_track_closure,3,84,validated,FEASIBLE,7.333,False,1557239,202446.91918935307,60,145645,,,[],[]
akmola_network,train_delay,3,84,validated,FEASIBLE,10.701,False,1562185,202501.22752268641,60,145645,,,[],[]
akmola_network,speed_restriction,3,84,validated,FEASIBLE,15.192,False,1961989,203784.02731728653,55,147345,10.0,"{""corridor"": ""akmola_network"", ""case"": ""speed_restriction"", ""multiplier"": 3, ""trains"": 84, ""solver_status"": ""UNKNOWN"", ""diagnostics"": [""No feasible plan returned; never apply an unverified plan""], ""baseline_retained"": false, ""status"": ""no_valid_plan_hold"", ""violations"": null, ""elapsed_s"": 2.023, ""within_5s"": true, ""before_announced_limit_fix"": {""status"": ""no_valid_plan_hold"", ""solver_status"": ""UNKNOWN"", ""elapsed_s"": 2.027}}",[],[]
akmola_network,ten_incidents,3,84,validated,FEASIBLE,7.043,False,1560385,202483.72752268641,60,145645,,,[],[]
akmola_network,railsim_rail_defect,3,84,validated,FEASIBLE,15.314,False,1648335,202794.6178004642,59,153575,10.0,"{""corridor"": ""akmola_network"", ""case"": ""railsim_rail_defect"", ""multiplier"": 3, ""trains"": 84, ""solver_status"": ""UNKNOWN"", ""diagnostics"": [""No feasible plan returned; never apply an unverified plan""], ""baseline_retained"": false, ""status"": ""no_valid_plan_hold"", ""violations"": null, ""elapsed_s"": 2.028, ""within_5s"": true}",[],[]
akmola_network,railsim_theft,3,84,validated,FEASIBLE,15.392,False,1561642,202327.80391157535,59,144371,10.0,"{""corridor"": ""akmola_network"", ""case"": ""railsim_theft"", ""multiplier"": 3, ""trains"": 84, ""solver_status"": ""UNKNOWN"", ""diagnostics"": [""No feasible plan returned; never apply an unverified plan""], ""baseline_retained"": false, ""status"": ""no_valid_plan_hold"", ""violations"": null, ""elapsed_s"": 2.029, ""within_5s"": true}",[],[]
akmola_network,railsim_flood,3,84,validated,FEASIBLE,15.305,False,1725049,203506.9886337975,58,154030,10.0,"{""corridor"": ""akmola_network"", ""case"": ""railsim_flood"", ""multiplier"": 3, ""trains"": 84, ""solver_status"": ""UNKNOWN"", ""diagnostics"": [""No feasible plan returned; never apply an unverified plan""], ""baseline_retained"": false, ""status"": ""no_valid_plan_hold"", ""violations"": null, ""elapsed_s"": 2.0, ""within_5s"": true}",[],[]
akmola_network,railsim_snow,3,84,validated,FEASIBLE,15.323,False,1539580,201913.1337377739,59,146440,10.0,"{""corridor"": ""akmola_network"", ""case"": ""railsim_snow"", ""multiplier"": 3, ""trains"": 84, ""solver_status"": ""UNKNOWN"", ""diagnostics"": [""No feasible plan returned; never apply an unverified plan""], ""baseline_retained"": false, ""status"": ""no_valid_plan_hold"", ""violations"": null, ""elapsed_s"": 1.951, ""within_5s"": true}",[],[]
akmola_network,railsim_sand,3,84,validated,FEASIBLE,15.215,False,1584284,202569.42428593198,60,146309,10.0,"{""corridor"": ""akmola_network"", ""case"": ""railsim_sand"", ""multiplier"": 3, ""trains"": 84, ""solver_status"": ""UNKNOWN"", ""diagnostics"": [""No feasible plan returned; never apply an unverified plan""], ""baseline_retained"": false, ""status"": ""no_valid_plan_hold"", ""violations"": null, ""elapsed_s"": 2.029, ""within_5s"": true}",[],[]
akmola_network,railsim_heat,3,84,validated,FEASIBLE,17.138,False,1598968,202536.70235499679,59,146922,10.0,"{""corridor"": ""akmola_network"", ""case"": ""railsim_heat"", ""multiplier"": 3, ""trains"": 84, ""solver_status"": ""UNKNOWN"", ""diagnostics"": [""No feasible plan returned; never apply an unverified plan""], ""baseline_retained"": false, ""status"": ""no_valid_plan_hold"", ""violations"": null, ""elapsed_s"": 2.023, ""within_5s"": true}",[],[]
akmola_network,railsim_loco_failure,3,84,validated,FEASIBLE,8.247,False,1651967,203374.10807824196,59,145645,,,[],[]
akmola_network,railsim_wagon_defect,3,84,validated,FEASIBLE,15.569,False,1581686,202658.80946713098,60,146319,10.0,"{""corridor"": ""akmola_network"", ""case"": ""railsim_wagon_defect"", ""multiplier"": 3, ""trains"": 84, ""solver_status"": ""UNKNOWN"", ""diagnostics"": [""No feasible plan returned; never apply an unverified plan""], ""baseline_retained"": false, ""status"": ""no_valid_plan_hold"", ""violations"": null, ""elapsed_s"": 2.019, ""within_5s"": true}",[],[]
akmola_network,railsim_crossing,3,84,validated,FEASIBLE,16.257,False,1651313,202818.45946713092,59,153575,10.0,"{""corridor"": ""akmola_network"", ""case"": ""railsim_crossing"", ""multiplier"": 3, ""trains"": 84, ""solver_status"": ""UNKNOWN"", ""diagnostics"": [""No feasible plan returned; never apply an unverified plan""], ""baseline_retained"": false, ""status"": ""no_valid_plan_hold"", ""violations"": null, ""elapsed_s"": 2.031, ""within_5s"": true}",[],[]
akmola_network,railsim_people,3,84,validated,FEASIBLE,17.166,False,1600561,202770.0219671309,59,144298,10.0,"{""corridor"": ""akmola_network"", ""case"": ""railsim_people"", ""multiplier"": 3, ""trains"": 84, ""solver_status"": ""UNKNOWN"", ""diagnostics"": [""No feasible plan returned; never apply an unverified plan""], ""baseline_retained"": false, ""status"": ""no_valid_plan_hold"", ""violations"": null, ""elapsed_s"": 1.962, ""within_5s"": true}",[],[]
akmola_network,railsim_maintenance,3,84,validated,FEASIBLE,16.278,False,1600561,202770.0219671309,59,144298,10.0,"{""corridor"": ""akmola_network"", ""case"": ""railsim_maintenance"", ""multiplier"": 3, ""trains"": 84, ""solver_status"": ""UNKNOWN"", ""diagnostics"": [""No feasible plan returned; never apply an unverified plan""], ""baseline_retained"": false, ""status"": ""no_valid_plan_hold"", ""violations"": null, ""elapsed_s"": 1.994, ""within_5s"": true}",[],[]
akmola_network,railsim_derailment,3,84,validated,FEASIBLE,16.309,False,1772036,204409.17335601972,57,147913,10.0,"{""corridor"": ""akmola_network"", ""case"": ""railsim_derailment"", ""multiplier"": 3, ""trains"": 84, ""solver_status"": ""UNKNOWN"", ""diagnostics"": [""No feasible plan returned; never apply an unverified plan""], ""baseline_retained"": false, ""status"": ""no_valid_plan_hold"", ""violations"": null, ""elapsed_s"": 2.018, ""within_5s"": true}",[],[]
