trains_total,trains_completed,avg_line_delay_h,p90_line_delay_h,total_line_delay_h,unplanned_stops,smoothed_stops,electric_kwh,diesel_l,derailments,loco_failures,wagon_setouts,crossing_accidents,people_incidents,hazards_total,hazards_undetected,closure_hours,avg_border_h,avg_slot_hold_h,avg_port_yard_queue_h,avg_port_wait_h,delay_cost_kzt,border_cost_kzt,port_cost_kzt,energy_cost_kzt,incident_cost_kzt,total_cost_kzt,scenario,run,kind,calibration_status,closure_hours_raw_sum
8,8,0.5667521930833335,1.2824456666666657,4.534017544666668,18,0,27537.35080928942,0.0,0,0,0,0,0,0,0,2.0,0.0,0.0,0.0,0.0,117934.21631999999,0.0,0,1376867.5404644709,0.0,1494801.7567844708,baseline,0,synthetic_stochastic_comparison,illustrative,2.0
8,8,0.5924904325416669,1.2824456666666657,4.739923460333335,11,2,27215.84875167625,0.0,0,0,0,0,0,0,0,2.0,0.0,0.0,0.0,0.0,118434.86379,0.0,0,1360792.4375838125,0.0,1479227.3013738126,auto,0,synthetic_stochastic_comparison,illustrative,2.0
8,8,0.5924904325416669,1.2824456666666657,4.739923460333335,13,0,27293.78864443096,0.0,0,0,0,0,0,0,0,2.0,0.0,0.0,0.0,0.0,118434.86379,0.0,0,1364689.432221548,0.0,1483124.296011548,auto:maintenance_windows,0,synthetic_stochastic_comparison,illustrative,2.0
8,8,0.5667521930833335,1.2824456666666657,4.534017544666668,18,0,27537.35080928942,0.0,0,0,0,0,0,0,0,2.0,0.0,0.0,0.0,0.0,117934.21631999999,0.0,0,1376867.5404644709,0.0,1494801.7567844708,auto:smart_dispatch,0,synthetic_stochastic_comparison,illustrative,2.0
8,8,0.5667521930833335,1.2824456666666657,4.534017544666668,14,4,27381.471023780003,0.0,0,0,0,0,0,0,0,2.0,0.0,0.0,0.0,0.0,117934.21631999999,0.0,0,1369073.5511890003,0.0,1487007.7675090001,auto:speed_advisory,0,synthetic_stochastic_comparison,illustrative,2.0
8,8,0.5667521930833335,1.2824456666666657,4.534017544666668,18,0,27537.35080928942,0.0,0,0,0,0,0,0,0,2.0,0.0,0.0,0.0,0.0,117934.21631999999,0.0,0,1376867.5404644709,0.0,1494801.7567844708,baseline,1,synthetic_stochastic_comparison,illustrative,2.0
8,8,0.5924904325416669,1.2824456666666657,4.739923460333335,11,2,27215.84875167625,0.0,0,0,0,0,0,0,0,2.0,0.0,0.0,0.0,0.0,118434.86379,0.0,0,1360792.4375838125,0.0,1479227.3013738126,auto,1,synthetic_stochastic_comparison,illustrative,2.0
8,8,0.5924904325416669,1.2824456666666657,4.739923460333335,13,0,27293.78864443096,0.0,0,0,0,0,0,0,0,2.0,0.0,0.0,0.0,0.0,118434.86379,0.0,0,1364689.432221548,0.0,1483124.296011548,auto:maintenance_windows,1,synthetic_stochastic_comparison,illustrative,2.0
8,8,0.5667521930833335,1.2824456666666657,4.534017544666668,18,0,27537.35080928942,0.0,0,0,0,0,0,0,0,2.0,0.0,0.0,0.0,0.0,117934.21631999999,0.0,0,1376867.5404644709,0.0,1494801.7567844708,auto:smart_dispatch,1,synthetic_stochastic_comparison,illustrative,2.0
8,8,0.5667521930833335,1.2824456666666657,4.534017544666668,14,4,27381.471023780003,0.0,0,0,0,0,0,0,0,2.0,0.0,0.0,0.0,0.0,117934.21631999999,0.0,0,1369073.5511890003,0.0,1487007.7675090001,auto:speed_advisory,1,synthetic_stochastic_comparison,illustrative,2.0
8,8,0.5667521930833335,1.2824456666666657,4.534017544666668,18,0,27537.35080928942,0.0,0,0,0,0,0,2,2,2.0277977956700006,0.0,0.0,0.0,0.0,117934.21631999999,0.0,0,1376867.5404644709,0.0,1494801.7567844708,baseline,2,synthetic_stochastic_comparison,illustrative,2.0277977956700006
8,8,0.5924904325416669,1.2824456666666657,4.739923460333335,11,2,27215.84875167625,0.0,0,0,0,0,0,2,2,2.0277977956700006,0.0,0.0,0.0,0.0,118434.86379,0.0,0,1360792.4375838125,0.0,1479227.3013738126,auto,2,synthetic_stochastic_comparison,illustrative,2.0277977956700006
8,8,0.5924904325416669,1.2824456666666657,4.739923460333335,13,0,27293.78864443096,0.0,0,0,0,0,0,2,2,2.0277977956700006,0.0,0.0,0.0,0.0,118434.86379,0.0,0,1364689.432221548,0.0,1483124.296011548,auto:maintenance_windows,2,synthetic_stochastic_comparison,illustrative,2.0277977956700006
8,8,0.5667521930833335,1.2824456666666657,4.534017544666668,18,0,27537.35080928942,0.0,0,0,0,0,0,2,2,2.0277977956700006,0.0,0.0,0.0,0.0,117934.21631999999,0.0,0,1376867.5404644709,0.0,1494801.7567844708,auto:smart_dispatch,2,synthetic_stochastic_comparison,illustrative,2.0277977956700006
8,8,0.5667521930833335,1.2824456666666657,4.534017544666668,14,4,27381.471023780003,0.0,0,0,0,0,0,2,2,2.0277977956700006,0.0,0.0,0.0,0.0,117934.21631999999,0.0,0,1369073.5511890003,0.0,1487007.7675090001,auto:speed_advisory,2,synthetic_stochastic_comparison,illustrative,2.0277977956700006
