,baseline,auto,"auto vs baseline, %"
Поездов всего,8.0,8.0,0.0
Доехали до конца линии,8.0,8.0,0.0
"Средняя задержка на линии, ч",0.5667521930833335,0.5924904325416669,4.541356835040769
"Задержка 90-й перцентиль, ч",1.2824456666666657,1.2824456666666657,0.0
"Суммарная задержка, поездо-ч",4.534017544666668,4.739923460333335,4.541356835040769
Остановки «на красный»,18.0,11.0,-38.88888888888889
Остановок избежали (подсказка скорости),0.0,2.0,
"Электроэнергия, кВт·ч",27537.35080928942,27215.84875167625,-1.1675126624915317
"Дизельное топливо, л",0.0,0.0,
Сходы с рельсов,0.0,0.0,
Отказы локомотивов,0.0,0.0,
Отцепки неисправных вагонов,0.0,0.0,
ДТП на переездах,0.0,0.0,
Происшествия с людьми,0.0,0.0,
Угроз на пути всего,0.6666666666666666,0.6666666666666666,0.0
Угроз не обнаружено сразу,0.6666666666666666,0.6666666666666666,0.0
"Перерывы движения, перегоно-ч",2.0092659318900004,2.0092659318900004,0.0
"Время на погранпереходе, ч/поезд",0.0,0.0,
"Придержка под слот парома, ч/поезд",0.0,0.0,
"Ожидание места в порту, ч/поезд",0.0,0.0,
"Ожидание парома, ч/поезд",0.0,0.0,
"Стоимость задержек на линии, тг",117934.21631999999,118434.86379000002,0.4245141788550831
"Стоимость времени на границе, тг",0.0,0.0,
"Стоимость ожидания в порту, тг",0.0,0.0,
"Затраты на энергию, тг",1376867.5404644709,1360792.4375838125,-1.167512662491527
"Ущерб от происшествий, тг",0.0,0.0,
"ИТОГО затраты, тг",1494801.7567844708,1479227.3013738126,-1.0419077539861203
